series,evidence_class,fraction_1,normalized_F,cloud_point_f,source_note
Rounded General Cubic,project model — preferred general petroleum model,0.0,0.0,,Rounded form of the direct Minnesota/Iowa measured-point fit
Rounded General Cubic,project model — preferred general petroleum model,0.01,0.005921,,Rounded form of the direct Minnesota/Iowa measured-point fit
Rounded General Cubic,project model — preferred general petroleum model,0.02,0.01169,,Rounded form of the direct Minnesota/Iowa measured-point fit
Rounded General Cubic,project model — preferred general petroleum model,0.03,0.017312,,Rounded form of the direct Minnesota/Iowa measured-point fit
Rounded General Cubic,project model — preferred general petroleum model,0.04,0.022797,,Rounded form of the direct Minnesota/Iowa measured-point fit
Rounded General Cubic,project model — preferred general petroleum model,0.05,0.02815,,Rounded form of the direct Minnesota/Iowa measured-point fit
Rounded General Cubic,project model — preferred general petroleum model,0.06,0.033379,,Rounded form of the direct Minnesota/Iowa measured-point fit
Rounded General Cubic,project model — preferred general petroleum model,0.07,0.038492,,Rounded form of the direct Minnesota/Iowa measured-point fit
Rounded General Cubic,project model — preferred general petroleum model,0.08,0.043494,,Rounded form of the direct Minnesota/Iowa measured-point fit
Rounded General Cubic,project model — preferred general petroleum model,0.09,0.048395,,Rounded form of the direct Minnesota/Iowa measured-point fit
Rounded General Cubic,project model — preferred general petroleum model,0.1,0.0532,,Rounded form of the direct Minnesota/Iowa measured-point fit
Rounded General Cubic,project model — preferred general petroleum model,0.11,0.057917,,Rounded form of the direct Minnesota/Iowa measured-point fit
Rounded General Cubic,project model — preferred general petroleum model,0.12,0.062554,,Rounded form of the direct Minnesota/Iowa measured-point fit
Rounded General Cubic,project model — preferred general petroleum model,0.13,0.067116,,Rounded form of the direct Minnesota/Iowa measured-point fit
Rounded General Cubic,project model — preferred general petroleum model,0.14,0.071613,,Rounded form of the direct Minnesota/Iowa measured-point fit
Rounded General Cubic,project model — preferred general petroleum model,0.15,0.07605,,Rounded form of the direct Minnesota/Iowa measured-point fit
Rounded General Cubic,project model — preferred general petroleum model,0.16,0.080435,,Rounded form of the direct Minnesota/Iowa measured-point fit
Rounded General Cubic,project model — preferred general petroleum model,0.17,0.084776,,Rounded form of the direct Minnesota/Iowa measured-point fit
Rounded General Cubic,project model — preferred general petroleum model,0.18,0.089078,,Rounded form of the direct Minnesota/Iowa measured-point fit
Rounded General Cubic,project model — preferred general petroleum model,0.19,0.093351,,Rounded form of the direct Minnesota/Iowa measured-point fit
Rounded General Cubic,project model — preferred general petroleum model,0.2,0.0976,,Rounded form of the direct Minnesota/Iowa measured-point fit
Rounded General Cubic,project model — preferred general petroleum model,0.21,0.101833,,Rounded form of the direct Minnesota/Iowa measured-point fit
Rounded General Cubic,project model — preferred general petroleum model,0.22,0.106058,,Rounded form of the direct Minnesota/Iowa measured-point fit
Rounded General Cubic,project model — preferred general petroleum model,0.23,0.11028,,Rounded form of the direct Minnesota/Iowa measured-point fit
Rounded General Cubic,project model — preferred general petroleum model,0.24,0.114509,,Rounded form of the direct Minnesota/Iowa measured-point fit
Rounded General Cubic,project model — preferred general petroleum model,0.25,0.11875,,Rounded form of the direct Minnesota/Iowa measured-point fit
Rounded General Cubic,project model — preferred general petroleum model,0.26,0.123011,,Rounded form of the direct Minnesota/Iowa measured-point fit
Rounded General Cubic,project model — preferred general petroleum model,0.27,0.1273,,Rounded form of the direct Minnesota/Iowa measured-point fit
Rounded General Cubic,project model — preferred general petroleum model,0.28,0.131622,,Rounded form of the direct Minnesota/Iowa measured-point fit
Rounded General Cubic,project model — preferred general petroleum model,0.29,0.135987,,Rounded form of the direct Minnesota/Iowa measured-point fit
Rounded General Cubic,project model — preferred general petroleum model,0.3,0.1404,,Rounded form of the direct Minnesota/Iowa measured-point fit
Rounded General Cubic,project model — preferred general petroleum model,0.31,0.144869,,Rounded form of the direct Minnesota/Iowa measured-point fit
Rounded General Cubic,project model — preferred general petroleum model,0.32,0.149402,,Rounded form of the direct Minnesota/Iowa measured-point fit
Rounded General Cubic,project model — preferred general petroleum model,0.33,0.154004,,Rounded form of the direct Minnesota/Iowa measured-point fit
Rounded General Cubic,project model — preferred general petroleum model,0.34,0.158685,,Rounded form of the direct Minnesota/Iowa measured-point fit
Rounded General Cubic,project model — preferred general petroleum model,0.35,0.16345,,Rounded form of the direct Minnesota/Iowa measured-point fit
Rounded General Cubic,project model — preferred general petroleum model,0.36,0.168307,,Rounded form of the direct Minnesota/Iowa measured-point fit
Rounded General Cubic,project model — preferred general petroleum model,0.37,0.173264,,Rounded form of the direct Minnesota/Iowa measured-point fit
Rounded General Cubic,project model — preferred general petroleum model,0.38,0.178326,,Rounded form of the direct Minnesota/Iowa measured-point fit
Rounded General Cubic,project model — preferred general petroleum model,0.39,0.183503,,Rounded form of the direct Minnesota/Iowa measured-point fit
Rounded General Cubic,project model — preferred general petroleum model,0.4,0.1888,,Rounded form of the direct Minnesota/Iowa measured-point fit
Rounded General Cubic,project model — preferred general petroleum model,0.41,0.194225,,Rounded form of the direct Minnesota/Iowa measured-point fit
Rounded General Cubic,project model — preferred general petroleum model,0.42,0.199786,,Rounded form of the direct Minnesota/Iowa measured-point fit
Rounded General Cubic,project model — preferred general petroleum model,0.43,0.205488,,Rounded form of the direct Minnesota/Iowa measured-point fit
Rounded General Cubic,project model — preferred general petroleum model,0.44,0.211341,,Rounded form of the direct Minnesota/Iowa measured-point fit
Rounded General Cubic,project model — preferred general petroleum model,0.45,0.21735,,Rounded form of the direct Minnesota/Iowa measured-point fit
Rounded General Cubic,project model — preferred general petroleum model,0.46,0.223523,,Rounded form of the direct Minnesota/Iowa measured-point fit
Rounded General Cubic,project model — preferred general petroleum model,0.47,0.229868,,Rounded form of the direct Minnesota/Iowa measured-point fit
Rounded General Cubic,project model — preferred general petroleum model,0.48,0.23639,,Rounded form of the direct Minnesota/Iowa measured-point fit
Rounded General Cubic,project model — preferred general petroleum model,0.49,0.243099,,Rounded form of the direct Minnesota/Iowa measured-point fit
Rounded General Cubic,project model — preferred general petroleum model,0.5,0.25,,Rounded form of the direct Minnesota/Iowa measured-point fit
Rounded General Cubic,project model — preferred general petroleum model,0.51,0.257101,,Rounded form of the direct Minnesota/Iowa measured-point fit
Rounded General Cubic,project model — preferred general petroleum model,0.52,0.26441,,Rounded form of the direct Minnesota/Iowa measured-point fit
Rounded General Cubic,project model — preferred general petroleum model,0.53,0.271932,,Rounded form of the direct Minnesota/Iowa measured-point fit
Rounded General Cubic,project model — preferred general petroleum model,0.54,0.279677,,Rounded form of the direct Minnesota/Iowa measured-point fit
Rounded General Cubic,project model — preferred general petroleum model,0.55,0.28765,,Rounded form of the direct Minnesota/Iowa measured-point fit
Rounded General Cubic,project model — preferred general petroleum model,0.56,0.295859,,Rounded form of the direct Minnesota/Iowa measured-point fit
Rounded General Cubic,project model — preferred general petroleum model,0.57,0.304312,,Rounded form of the direct Minnesota/Iowa measured-point fit
Rounded General Cubic,project model — preferred general petroleum model,0.58,0.313014,,Rounded form of the direct Minnesota/Iowa measured-point fit
Rounded General Cubic,project model — preferred general petroleum model,0.59,0.321975,,Rounded form of the direct Minnesota/Iowa measured-point fit
Rounded General Cubic,project model — preferred general petroleum model,0.6,0.3312,,Rounded form of the direct Minnesota/Iowa measured-point fit
Rounded General Cubic,project model — preferred general petroleum model,0.61,0.340697,,Rounded form of the direct Minnesota/Iowa measured-point fit
Rounded General Cubic,project model — preferred general petroleum model,0.62,0.350474,,Rounded form of the direct Minnesota/Iowa measured-point fit
Rounded General Cubic,project model — preferred general petroleum model,0.63,0.360536,,Rounded form of the direct Minnesota/Iowa measured-point fit
Rounded General Cubic,project model — preferred general petroleum model,0.64,0.370893,,Rounded form of the direct Minnesota/Iowa measured-point fit
Rounded General Cubic,project model — preferred general petroleum model,0.65,0.38155,,Rounded form of the direct Minnesota/Iowa measured-point fit
Rounded General Cubic,project model — preferred general petroleum model,0.66,0.392515,,Rounded form of the direct Minnesota/Iowa measured-point fit
Rounded General Cubic,project model — preferred general petroleum model,0.67,0.403796,,Rounded form of the direct Minnesota/Iowa measured-point fit
Rounded General Cubic,project model — preferred general petroleum model,0.68,0.415398,,Rounded form of the direct Minnesota/Iowa measured-point fit
Rounded General Cubic,project model — preferred general petroleum model,0.69,0.427331,,Rounded form of the direct Minnesota/Iowa measured-point fit
Rounded General Cubic,project model — preferred general petroleum model,0.7,0.4396,,Rounded form of the direct Minnesota/Iowa measured-point fit
Rounded General Cubic,project model — preferred general petroleum model,0.71,0.452213,,Rounded form of the direct Minnesota/Iowa measured-point fit
Rounded General Cubic,project model — preferred general petroleum model,0.72,0.465178,,Rounded form of the direct Minnesota/Iowa measured-point fit
Rounded General Cubic,project model — preferred general petroleum model,0.73,0.4785,,Rounded form of the direct Minnesota/Iowa measured-point fit
Rounded General Cubic,project model — preferred general petroleum model,0.74,0.492189,,Rounded form of the direct Minnesota/Iowa measured-point fit
Rounded General Cubic,project model — preferred general petroleum model,0.75,0.50625,,Rounded form of the direct Minnesota/Iowa measured-point fit
Rounded General Cubic,project model — preferred general petroleum model,0.76,0.520691,,Rounded form of the direct Minnesota/Iowa measured-point fit
Rounded General Cubic,project model — preferred general petroleum model,0.77,0.53552,,Rounded form of the direct Minnesota/Iowa measured-point fit
Rounded General Cubic,project model — preferred general petroleum model,0.78,0.550742,,Rounded form of the direct Minnesota/Iowa measured-point fit
Rounded General Cubic,project model — preferred general petroleum model,0.79,0.566367,,Rounded form of the direct Minnesota/Iowa measured-point fit
Rounded General Cubic,project model — preferred general petroleum model,0.8,0.5824,,Rounded form of the direct Minnesota/Iowa measured-point fit
Rounded General Cubic,project model — preferred general petroleum model,0.81,0.598849,,Rounded form of the direct Minnesota/Iowa measured-point fit
Rounded General Cubic,project model — preferred general petroleum model,0.82,0.615722,,Rounded form of the direct Minnesota/Iowa measured-point fit
Rounded General Cubic,project model — preferred general petroleum model,0.83,0.633024,,Rounded form of the direct Minnesota/Iowa measured-point fit
Rounded General Cubic,project model — preferred general petroleum model,0.84,0.650765,,Rounded form of the direct Minnesota/Iowa measured-point fit
Rounded General Cubic,project model — preferred general petroleum model,0.85,0.66895,,Rounded form of the direct Minnesota/Iowa measured-point fit
Rounded General Cubic,project model — preferred general petroleum model,0.86,0.687587,,Rounded form of the direct Minnesota/Iowa measured-point fit
Rounded General Cubic,project model — preferred general petroleum model,0.87,0.706684,,Rounded form of the direct Minnesota/Iowa measured-point fit
Rounded General Cubic,project model — preferred general petroleum model,0.88,0.726246,,Rounded form of the direct Minnesota/Iowa measured-point fit
Rounded General Cubic,project model — preferred general petroleum model,0.89,0.746283,,Rounded form of the direct Minnesota/Iowa measured-point fit
Rounded General Cubic,project model — preferred general petroleum model,0.9,0.7668,,Rounded form of the direct Minnesota/Iowa measured-point fit
Rounded General Cubic,project model — preferred general petroleum model,0.91,0.787805,,Rounded form of the direct Minnesota/Iowa measured-point fit
Rounded General Cubic,project model — preferred general petroleum model,0.92,0.809306,,Rounded form of the direct Minnesota/Iowa measured-point fit
Rounded General Cubic,project model — preferred general petroleum model,0.93,0.831308,,Rounded form of the direct Minnesota/Iowa measured-point fit
Rounded General Cubic,project model — preferred general petroleum model,0.94,0.853821,,Rounded form of the direct Minnesota/Iowa measured-point fit
Rounded General Cubic,project model — preferred general petroleum model,0.95,0.87685,,Rounded form of the direct Minnesota/Iowa measured-point fit
Rounded General Cubic,project model — preferred general petroleum model,0.96,0.900403,,Rounded form of the direct Minnesota/Iowa measured-point fit
Rounded General Cubic,project model — preferred general petroleum model,0.97,0.924488,,Rounded form of the direct Minnesota/Iowa measured-point fit
Rounded General Cubic,project model — preferred general petroleum model,0.98,0.94911,,Rounded form of the direct Minnesota/Iowa measured-point fit
Rounded General Cubic,project model — preferred general petroleum model,0.99,0.974279,,Rounded form of the direct Minnesota/Iowa measured-point fit
Rounded General Cubic,project model — preferred general petroleum model,1.0,1.0,,Rounded form of the direct Minnesota/Iowa measured-point fit
Original Exact Cubic,project model — direct measured-data reference,0.0,0.0,,Endpoint-constrained normalized fit to retained Minnesota/Iowa direct points
Original Exact Cubic,project model — direct measured-data reference,0.01,0.005839,,Endpoint-constrained normalized fit to retained Minnesota/Iowa direct points
Original Exact Cubic,project model — direct measured-data reference,0.02,0.011534,,Endpoint-constrained normalized fit to retained Minnesota/Iowa direct points
Original Exact Cubic,project model — direct measured-data reference,0.03,0.017091,,Endpoint-constrained normalized fit to retained Minnesota/Iowa direct points
Original Exact Cubic,project model — direct measured-data reference,0.04,0.022517,,Endpoint-constrained normalized fit to retained Minnesota/Iowa direct points
Original Exact Cubic,project model — direct measured-data reference,0.05,0.027821,,Endpoint-constrained normalized fit to retained Minnesota/Iowa direct points
Original Exact Cubic,project model — direct measured-data reference,0.06,0.033007,,Endpoint-constrained normalized fit to retained Minnesota/Iowa direct points
Original Exact Cubic,project model — direct measured-data reference,0.07,0.038085,,Endpoint-constrained normalized fit to retained Minnesota/Iowa direct points
Original Exact Cubic,project model — direct measured-data reference,0.08,0.04306,,Endpoint-constrained normalized fit to retained Minnesota/Iowa direct points
Original Exact Cubic,project model — direct measured-data reference,0.09,0.047939,,Endpoint-constrained normalized fit to retained Minnesota/Iowa direct points
Original Exact Cubic,project model — direct measured-data reference,0.1,0.05273,,Endpoint-constrained normalized fit to retained Minnesota/Iowa direct points
Original Exact Cubic,project model — direct measured-data reference,0.11,0.057439,,Endpoint-constrained normalized fit to retained Minnesota/Iowa direct points
Original Exact Cubic,project model — direct measured-data reference,0.12,0.062074,,Endpoint-constrained normalized fit to retained Minnesota/Iowa direct points
Original Exact Cubic,project model — direct measured-data reference,0.13,0.066641,,Endpoint-constrained normalized fit to retained Minnesota/Iowa direct points
Original Exact Cubic,project model — direct measured-data reference,0.14,0.071148,,Endpoint-constrained normalized fit to retained Minnesota/Iowa direct points
Original Exact Cubic,project model — direct measured-data reference,0.15,0.075602,,Endpoint-constrained normalized fit to retained Minnesota/Iowa direct points
Original Exact Cubic,project model — direct measured-data reference,0.16,0.080008,,Endpoint-constrained normalized fit to retained Minnesota/Iowa direct points
Original Exact Cubic,project model — direct measured-data reference,0.17,0.084376,,Endpoint-constrained normalized fit to retained Minnesota/Iowa direct points
Original Exact Cubic,project model — direct measured-data reference,0.18,0.08871,,Endpoint-constrained normalized fit to retained Minnesota/Iowa direct points
Original Exact Cubic,project model — direct measured-data reference,0.19,0.09302,,Endpoint-constrained normalized fit to retained Minnesota/Iowa direct points
Original Exact Cubic,project model — direct measured-data reference,0.2,0.09731,,Endpoint-constrained normalized fit to retained Minnesota/Iowa direct points
Original Exact Cubic,project model — direct measured-data reference,0.21,0.10159,,Endpoint-constrained normalized fit to retained Minnesota/Iowa direct points
Original Exact Cubic,project model — direct measured-data reference,0.22,0.105864,,Endpoint-constrained normalized fit to retained Minnesota/Iowa direct points
Original Exact Cubic,project model — direct measured-data reference,0.23,0.110141,,Endpoint-constrained normalized fit to retained Minnesota/Iowa direct points
Original Exact Cubic,project model — direct measured-data reference,0.24,0.114428,,Endpoint-constrained normalized fit to retained Minnesota/Iowa direct points
Original Exact Cubic,project model — direct measured-data reference,0.25,0.118731,,Endpoint-constrained normalized fit to retained Minnesota/Iowa direct points
Original Exact Cubic,project model — direct measured-data reference,0.26,0.123057,,Endpoint-constrained normalized fit to retained Minnesota/Iowa direct points
Original Exact Cubic,project model — direct measured-data reference,0.27,0.127414,,Endpoint-constrained normalized fit to retained Minnesota/Iowa direct points
Original Exact Cubic,project model — direct measured-data reference,0.28,0.131808,,Endpoint-constrained normalized fit to retained Minnesota/Iowa direct points
Original Exact Cubic,project model — direct measured-data reference,0.29,0.136247,,Endpoint-constrained normalized fit to retained Minnesota/Iowa direct points
Original Exact Cubic,project model — direct measured-data reference,0.3,0.140737,,Endpoint-constrained normalized fit to retained Minnesota/Iowa direct points
Original Exact Cubic,project model — direct measured-data reference,0.31,0.145286,,Endpoint-constrained normalized fit to retained Minnesota/Iowa direct points
Original Exact Cubic,project model — direct measured-data reference,0.32,0.149899,,Endpoint-constrained normalized fit to retained Minnesota/Iowa direct points
Original Exact Cubic,project model — direct measured-data reference,0.33,0.154586,,Endpoint-constrained normalized fit to retained Minnesota/Iowa direct points
Original Exact Cubic,project model — direct measured-data reference,0.34,0.159351,,Endpoint-constrained normalized fit to retained Minnesota/Iowa direct points
Original Exact Cubic,project model — direct measured-data reference,0.35,0.164204,,Endpoint-constrained normalized fit to retained Minnesota/Iowa direct points
Original Exact Cubic,project model — direct measured-data reference,0.36,0.169149,,Endpoint-constrained normalized fit to retained Minnesota/Iowa direct points
Original Exact Cubic,project model — direct measured-data reference,0.37,0.174195,,Endpoint-constrained normalized fit to retained Minnesota/Iowa direct points
Original Exact Cubic,project model — direct measured-data reference,0.38,0.179348,,Endpoint-constrained normalized fit to retained Minnesota/Iowa direct points
Original Exact Cubic,project model — direct measured-data reference,0.39,0.184616,,Endpoint-constrained normalized fit to retained Minnesota/Iowa direct points
Original Exact Cubic,project model — direct measured-data reference,0.4,0.190005,,Endpoint-constrained normalized fit to retained Minnesota/Iowa direct points
Original Exact Cubic,project model — direct measured-data reference,0.41,0.195522,,Endpoint-constrained normalized fit to retained Minnesota/Iowa direct points
Original Exact Cubic,project model — direct measured-data reference,0.42,0.201175,,Endpoint-constrained normalized fit to retained Minnesota/Iowa direct points
Original Exact Cubic,project model — direct measured-data reference,0.43,0.20697,,Endpoint-constrained normalized fit to retained Minnesota/Iowa direct points
Original Exact Cubic,project model — direct measured-data reference,0.44,0.212914,,Endpoint-constrained normalized fit to retained Minnesota/Iowa direct points
Original Exact Cubic,project model — direct measured-data reference,0.45,0.219015,,Endpoint-constrained normalized fit to retained Minnesota/Iowa direct points
Original Exact Cubic,project model — direct measured-data reference,0.46,0.225279,,Endpoint-constrained normalized fit to retained Minnesota/Iowa direct points
Original Exact Cubic,project model — direct measured-data reference,0.47,0.231714,,Endpoint-constrained normalized fit to retained Minnesota/Iowa direct points
Original Exact Cubic,project model — direct measured-data reference,0.48,0.238325,,Endpoint-constrained normalized fit to retained Minnesota/Iowa direct points
Original Exact Cubic,project model — direct measured-data reference,0.49,0.245121,,Endpoint-constrained normalized fit to retained Minnesota/Iowa direct points
Original Exact Cubic,project model — direct measured-data reference,0.5,0.252109,,Endpoint-constrained normalized fit to retained Minnesota/Iowa direct points
Original Exact Cubic,project model — direct measured-data reference,0.51,0.259294,,Endpoint-constrained normalized fit to retained Minnesota/Iowa direct points
Original Exact Cubic,project model — direct measured-data reference,0.52,0.266685,,Endpoint-constrained normalized fit to retained Minnesota/Iowa direct points
Original Exact Cubic,project model — direct measured-data reference,0.53,0.274289,,Endpoint-constrained normalized fit to retained Minnesota/Iowa direct points
Original Exact Cubic,project model — direct measured-data reference,0.54,0.282111,,Endpoint-constrained normalized fit to retained Minnesota/Iowa direct points
Original Exact Cubic,project model — direct measured-data reference,0.55,0.29016,,Endpoint-constrained normalized fit to retained Minnesota/Iowa direct points
Original Exact Cubic,project model — direct measured-data reference,0.56,0.298442,,Endpoint-constrained normalized fit to retained Minnesota/Iowa direct points
Original Exact Cubic,project model — direct measured-data reference,0.57,0.306965,,Endpoint-constrained normalized fit to retained Minnesota/Iowa direct points
Original Exact Cubic,project model — direct measured-data reference,0.58,0.315735,,Endpoint-constrained normalized fit to retained Minnesota/Iowa direct points
Original Exact Cubic,project model — direct measured-data reference,0.59,0.324759,,Endpoint-constrained normalized fit to retained Minnesota/Iowa direct points
Original Exact Cubic,project model — direct measured-data reference,0.6,0.334044,,Endpoint-constrained normalized fit to retained Minnesota/Iowa direct points
Original Exact Cubic,project model — direct measured-data reference,0.61,0.343598,,Endpoint-constrained normalized fit to retained Minnesota/Iowa direct points
Original Exact Cubic,project model — direct measured-data reference,0.62,0.353426,,Endpoint-constrained normalized fit to retained Minnesota/Iowa direct points
Original Exact Cubic,project model — direct measured-data reference,0.63,0.363537,,Endpoint-constrained normalized fit to retained Minnesota/Iowa direct points
Original Exact Cubic,project model — direct measured-data reference,0.64,0.373938,,Endpoint-constrained normalized fit to retained Minnesota/Iowa direct points
Original Exact Cubic,project model — direct measured-data reference,0.65,0.384634,,Endpoint-constrained normalized fit to retained Minnesota/Iowa direct points
Original Exact Cubic,project model — direct measured-data reference,0.66,0.395634,,Endpoint-constrained normalized fit to retained Minnesota/Iowa direct points
Original Exact Cubic,project model — direct measured-data reference,0.67,0.406944,,Endpoint-constrained normalized fit to retained Minnesota/Iowa direct points
Original Exact Cubic,project model — direct measured-data reference,0.68,0.418571,,Endpoint-constrained normalized fit to retained Minnesota/Iowa direct points
Original Exact Cubic,project model — direct measured-data reference,0.69,0.430523,,Endpoint-constrained normalized fit to retained Minnesota/Iowa direct points
Original Exact Cubic,project model — direct measured-data reference,0.7,0.442806,,Endpoint-constrained normalized fit to retained Minnesota/Iowa direct points
Original Exact Cubic,project model — direct measured-data reference,0.71,0.455427,,Endpoint-constrained normalized fit to retained Minnesota/Iowa direct points
Original Exact Cubic,project model — direct measured-data reference,0.72,0.468393,,Endpoint-constrained normalized fit to retained Minnesota/Iowa direct points
Original Exact Cubic,project model — direct measured-data reference,0.73,0.481711,,Endpoint-constrained normalized fit to retained Minnesota/Iowa direct points
Original Exact Cubic,project model — direct measured-data reference,0.74,0.495389,,Endpoint-constrained normalized fit to retained Minnesota/Iowa direct points
Original Exact Cubic,project model — direct measured-data reference,0.75,0.509432,,Endpoint-constrained normalized fit to retained Minnesota/Iowa direct points
Original Exact Cubic,project model — direct measured-data reference,0.76,0.523849,,Endpoint-constrained normalized fit to retained Minnesota/Iowa direct points
Original Exact Cubic,project model — direct measured-data reference,0.77,0.538646,,Endpoint-constrained normalized fit to retained Minnesota/Iowa direct points
Original Exact Cubic,project model — direct measured-data reference,0.78,0.553831,,Endpoint-constrained normalized fit to retained Minnesota/Iowa direct points
Original Exact Cubic,project model — direct measured-data reference,0.79,0.569409,,Endpoint-constrained normalized fit to retained Minnesota/Iowa direct points
Original Exact Cubic,project model — direct measured-data reference,0.8,0.585389,,Endpoint-constrained normalized fit to retained Minnesota/Iowa direct points
Original Exact Cubic,project model — direct measured-data reference,0.81,0.601777,,Endpoint-constrained normalized fit to retained Minnesota/Iowa direct points
Original Exact Cubic,project model — direct measured-data reference,0.82,0.61858,,Endpoint-constrained normalized fit to retained Minnesota/Iowa direct points
Original Exact Cubic,project model — direct measured-data reference,0.83,0.635805,,Endpoint-constrained normalized fit to retained Minnesota/Iowa direct points
Original Exact Cubic,project model — direct measured-data reference,0.84,0.653459,,Endpoint-constrained normalized fit to retained Minnesota/Iowa direct points
Original Exact Cubic,project model — direct measured-data reference,0.85,0.671549,,Endpoint-constrained normalized fit to retained Minnesota/Iowa direct points
Original Exact Cubic,project model — direct measured-data reference,0.86,0.690083,,Endpoint-constrained normalized fit to retained Minnesota/Iowa direct points
Original Exact Cubic,project model — direct measured-data reference,0.87,0.709067,,Endpoint-constrained normalized fit to retained Minnesota/Iowa direct points
Original Exact Cubic,project model — direct measured-data reference,0.88,0.728508,,Endpoint-constrained normalized fit to retained Minnesota/Iowa direct points
Original Exact Cubic,project model — direct measured-data reference,0.89,0.748412,,Endpoint-constrained normalized fit to retained Minnesota/Iowa direct points
Original Exact Cubic,project model — direct measured-data reference,0.9,0.768789,,Endpoint-constrained normalized fit to retained Minnesota/Iowa direct points
Original Exact Cubic,project model — direct measured-data reference,0.91,0.789643,,Endpoint-constrained normalized fit to retained Minnesota/Iowa direct points
Original Exact Cubic,project model — direct measured-data reference,0.92,0.810982,,Endpoint-constrained normalized fit to retained Minnesota/Iowa direct points
Original Exact Cubic,project model — direct measured-data reference,0.93,0.832813,,Endpoint-constrained normalized fit to retained Minnesota/Iowa direct points
Original Exact Cubic,project model — direct measured-data reference,0.94,0.855144,,Endpoint-constrained normalized fit to retained Minnesota/Iowa direct points
Original Exact Cubic,project model — direct measured-data reference,0.95,0.877981,,Endpoint-constrained normalized fit to retained Minnesota/Iowa direct points
Original Exact Cubic,project model — direct measured-data reference,0.96,0.90133,,Endpoint-constrained normalized fit to retained Minnesota/Iowa direct points
Original Exact Cubic,project model — direct measured-data reference,0.97,0.9252,,Endpoint-constrained normalized fit to retained Minnesota/Iowa direct points
Original Exact Cubic,project model — direct measured-data reference,0.98,0.949597,,Endpoint-constrained normalized fit to retained Minnesota/Iowa direct points
Original Exact Cubic,project model — direct measured-data reference,0.99,0.974528,,Endpoint-constrained normalized fit to retained Minnesota/Iowa direct points
Original Exact Cubic,project model — direct measured-data reference,1.0,1.0,,Endpoint-constrained normalized fit to retained Minnesota/Iowa direct points
Systematic Robust Cubic,project model — evidence-group compromise,0.0,0.0,,"Balanced historical evidence-group compromise; Iowa group used explicit stock-blend evidence, not the digitized fitted line"
Systematic Robust Cubic,project model — evidence-group compromise,0.01,0.005773,,"Balanced historical evidence-group compromise; Iowa group used explicit stock-blend evidence, not the digitized fitted line"
Systematic Robust Cubic,project model — evidence-group compromise,0.02,0.011418,,"Balanced historical evidence-group compromise; Iowa group used explicit stock-blend evidence, not the digitized fitted line"
Systematic Robust Cubic,project model — evidence-group compromise,0.03,0.01694,,"Balanced historical evidence-group compromise; Iowa group used explicit stock-blend evidence, not the digitized fitted line"
Systematic Robust Cubic,project model — evidence-group compromise,0.04,0.022348,,"Balanced historical evidence-group compromise; Iowa group used explicit stock-blend evidence, not the digitized fitted line"
Systematic Robust Cubic,project model — evidence-group compromise,0.05,0.027646,,"Balanced historical evidence-group compromise; Iowa group used explicit stock-blend evidence, not the digitized fitted line"
Systematic Robust Cubic,project model — evidence-group compromise,0.06,0.032842,,"Balanced historical evidence-group compromise; Iowa group used explicit stock-blend evidence, not the digitized fitted line"
Systematic Robust Cubic,project model — evidence-group compromise,0.07,0.037943,,"Balanced historical evidence-group compromise; Iowa group used explicit stock-blend evidence, not the digitized fitted line"
Systematic Robust Cubic,project model — evidence-group compromise,0.08,0.042954,,"Balanced historical evidence-group compromise; Iowa group used explicit stock-blend evidence, not the digitized fitted line"
Systematic Robust Cubic,project model — evidence-group compromise,0.09,0.047882,,"Balanced historical evidence-group compromise; Iowa group used explicit stock-blend evidence, not the digitized fitted line"
Systematic Robust Cubic,project model — evidence-group compromise,0.1,0.052734,,"Balanced historical evidence-group compromise; Iowa group used explicit stock-blend evidence, not the digitized fitted line"
Systematic Robust Cubic,project model — evidence-group compromise,0.11,0.057517,,"Balanced historical evidence-group compromise; Iowa group used explicit stock-blend evidence, not the digitized fitted line"
Systematic Robust Cubic,project model — evidence-group compromise,0.12,0.062237,,"Balanced historical evidence-group compromise; Iowa group used explicit stock-blend evidence, not the digitized fitted line"
Systematic Robust Cubic,project model — evidence-group compromise,0.13,0.0669,,"Balanced historical evidence-group compromise; Iowa group used explicit stock-blend evidence, not the digitized fitted line"
Systematic Robust Cubic,project model — evidence-group compromise,0.14,0.071513,,"Balanced historical evidence-group compromise; Iowa group used explicit stock-blend evidence, not the digitized fitted line"
Systematic Robust Cubic,project model — evidence-group compromise,0.15,0.076083,,"Balanced historical evidence-group compromise; Iowa group used explicit stock-blend evidence, not the digitized fitted line"
Systematic Robust Cubic,project model — evidence-group compromise,0.16,0.080616,,"Balanced historical evidence-group compromise; Iowa group used explicit stock-blend evidence, not the digitized fitted line"
Systematic Robust Cubic,project model — evidence-group compromise,0.17,0.085119,,"Balanced historical evidence-group compromise; Iowa group used explicit stock-blend evidence, not the digitized fitted line"
Systematic Robust Cubic,project model — evidence-group compromise,0.18,0.089598,,"Balanced historical evidence-group compromise; Iowa group used explicit stock-blend evidence, not the digitized fitted line"
Systematic Robust Cubic,project model — evidence-group compromise,0.19,0.094059,,"Balanced historical evidence-group compromise; Iowa group used explicit stock-blend evidence, not the digitized fitted line"
Systematic Robust Cubic,project model — evidence-group compromise,0.2,0.09851,,"Balanced historical evidence-group compromise; Iowa group used explicit stock-blend evidence, not the digitized fitted line"
Systematic Robust Cubic,project model — evidence-group compromise,0.21,0.102957,,"Balanced historical evidence-group compromise; Iowa group used explicit stock-blend evidence, not the digitized fitted line"
Systematic Robust Cubic,project model — evidence-group compromise,0.22,0.107407,,"Balanced historical evidence-group compromise; Iowa group used explicit stock-blend evidence, not the digitized fitted line"
Systematic Robust Cubic,project model — evidence-group compromise,0.23,0.111865,,"Balanced historical evidence-group compromise; Iowa group used explicit stock-blend evidence, not the digitized fitted line"
Systematic Robust Cubic,project model — evidence-group compromise,0.24,0.116339,,"Balanced historical evidence-group compromise; Iowa group used explicit stock-blend evidence, not the digitized fitted line"
Systematic Robust Cubic,project model — evidence-group compromise,0.25,0.120836,,"Balanced historical evidence-group compromise; Iowa group used explicit stock-blend evidence, not the digitized fitted line"
Systematic Robust Cubic,project model — evidence-group compromise,0.26,0.12536,,"Balanced historical evidence-group compromise; Iowa group used explicit stock-blend evidence, not the digitized fitted line"
Systematic Robust Cubic,project model — evidence-group compromise,0.27,0.12992,,"Balanced historical evidence-group compromise; Iowa group used explicit stock-blend evidence, not the digitized fitted line"
Systematic Robust Cubic,project model — evidence-group compromise,0.28,0.134522,,"Balanced historical evidence-group compromise; Iowa group used explicit stock-blend evidence, not the digitized fitted line"
Systematic Robust Cubic,project model — evidence-group compromise,0.29,0.139172,,"Balanced historical evidence-group compromise; Iowa group used explicit stock-blend evidence, not the digitized fitted line"
Systematic Robust Cubic,project model — evidence-group compromise,0.3,0.143877,,"Balanced historical evidence-group compromise; Iowa group used explicit stock-blend evidence, not the digitized fitted line"
Systematic Robust Cubic,project model — evidence-group compromise,0.31,0.148643,,"Balanced historical evidence-group compromise; Iowa group used explicit stock-blend evidence, not the digitized fitted line"
Systematic Robust Cubic,project model — evidence-group compromise,0.32,0.153477,,"Balanced historical evidence-group compromise; Iowa group used explicit stock-blend evidence, not the digitized fitted line"
Systematic Robust Cubic,project model — evidence-group compromise,0.33,0.158386,,"Balanced historical evidence-group compromise; Iowa group used explicit stock-blend evidence, not the digitized fitted line"
Systematic Robust Cubic,project model — evidence-group compromise,0.34,0.163375,,"Balanced historical evidence-group compromise; Iowa group used explicit stock-blend evidence, not the digitized fitted line"
Systematic Robust Cubic,project model — evidence-group compromise,0.35,0.168452,,"Balanced historical evidence-group compromise; Iowa group used explicit stock-blend evidence, not the digitized fitted line"
Systematic Robust Cubic,project model — evidence-group compromise,0.36,0.173624,,"Balanced historical evidence-group compromise; Iowa group used explicit stock-blend evidence, not the digitized fitted line"
Systematic Robust Cubic,project model — evidence-group compromise,0.37,0.178896,,"Balanced historical evidence-group compromise; Iowa group used explicit stock-blend evidence, not the digitized fitted line"
Systematic Robust Cubic,project model — evidence-group compromise,0.38,0.184275,,"Balanced historical evidence-group compromise; Iowa group used explicit stock-blend evidence, not the digitized fitted line"
Systematic Robust Cubic,project model — evidence-group compromise,0.39,0.189768,,"Balanced historical evidence-group compromise; Iowa group used explicit stock-blend evidence, not the digitized fitted line"
Systematic Robust Cubic,project model — evidence-group compromise,0.4,0.195381,,"Balanced historical evidence-group compromise; Iowa group used explicit stock-blend evidence, not the digitized fitted line"
Systematic Robust Cubic,project model — evidence-group compromise,0.41,0.201121,,"Balanced historical evidence-group compromise; Iowa group used explicit stock-blend evidence, not the digitized fitted line"
Systematic Robust Cubic,project model — evidence-group compromise,0.42,0.206995,,"Balanced historical evidence-group compromise; Iowa group used explicit stock-blend evidence, not the digitized fitted line"
Systematic Robust Cubic,project model — evidence-group compromise,0.43,0.213008,,"Balanced historical evidence-group compromise; Iowa group used explicit stock-blend evidence, not the digitized fitted line"
Systematic Robust Cubic,project model — evidence-group compromise,0.44,0.219168,,"Balanced historical evidence-group compromise; Iowa group used explicit stock-blend evidence, not the digitized fitted line"
Systematic Robust Cubic,project model — evidence-group compromise,0.45,0.225481,,"Balanced historical evidence-group compromise; Iowa group used explicit stock-blend evidence, not the digitized fitted line"
Systematic Robust Cubic,project model — evidence-group compromise,0.46,0.231954,,"Balanced historical evidence-group compromise; Iowa group used explicit stock-blend evidence, not the digitized fitted line"
Systematic Robust Cubic,project model — evidence-group compromise,0.47,0.238593,,"Balanced historical evidence-group compromise; Iowa group used explicit stock-blend evidence, not the digitized fitted line"
Systematic Robust Cubic,project model — evidence-group compromise,0.48,0.245404,,"Balanced historical evidence-group compromise; Iowa group used explicit stock-blend evidence, not the digitized fitted line"
Systematic Robust Cubic,project model — evidence-group compromise,0.49,0.252395,,"Balanced historical evidence-group compromise; Iowa group used explicit stock-blend evidence, not the digitized fitted line"
Systematic Robust Cubic,project model — evidence-group compromise,0.5,0.259572,,"Balanced historical evidence-group compromise; Iowa group used explicit stock-blend evidence, not the digitized fitted line"
Systematic Robust Cubic,project model — evidence-group compromise,0.51,0.26694,,"Balanced historical evidence-group compromise; Iowa group used explicit stock-blend evidence, not the digitized fitted line"
Systematic Robust Cubic,project model — evidence-group compromise,0.52,0.274508,,"Balanced historical evidence-group compromise; Iowa group used explicit stock-blend evidence, not the digitized fitted line"
Systematic Robust Cubic,project model — evidence-group compromise,0.53,0.282281,,"Balanced historical evidence-group compromise; Iowa group used explicit stock-blend evidence, not the digitized fitted line"
Systematic Robust Cubic,project model — evidence-group compromise,0.54,0.290267,,"Balanced historical evidence-group compromise; Iowa group used explicit stock-blend evidence, not the digitized fitted line"
Systematic Robust Cubic,project model — evidence-group compromise,0.55,0.29847,,"Balanced historical evidence-group compromise; Iowa group used explicit stock-blend evidence, not the digitized fitted line"
Systematic Robust Cubic,project model — evidence-group compromise,0.56,0.306899,,"Balanced historical evidence-group compromise; Iowa group used explicit stock-blend evidence, not the digitized fitted line"
Systematic Robust Cubic,project model — evidence-group compromise,0.57,0.31556,,"Balanced historical evidence-group compromise; Iowa group used explicit stock-blend evidence, not the digitized fitted line"
Systematic Robust Cubic,project model — evidence-group compromise,0.58,0.324458,,"Balanced historical evidence-group compromise; Iowa group used explicit stock-blend evidence, not the digitized fitted line"
Systematic Robust Cubic,project model — evidence-group compromise,0.59,0.333602,,"Balanced historical evidence-group compromise; Iowa group used explicit stock-blend evidence, not the digitized fitted line"
Systematic Robust Cubic,project model — evidence-group compromise,0.6,0.342996,,"Balanced historical evidence-group compromise; Iowa group used explicit stock-blend evidence, not the digitized fitted line"
Systematic Robust Cubic,project model — evidence-group compromise,0.61,0.352649,,"Balanced historical evidence-group compromise; Iowa group used explicit stock-blend evidence, not the digitized fitted line"
Systematic Robust Cubic,project model — evidence-group compromise,0.62,0.362566,,"Balanced historical evidence-group compromise; Iowa group used explicit stock-blend evidence, not the digitized fitted line"
Systematic Robust Cubic,project model — evidence-group compromise,0.63,0.372753,,"Balanced historical evidence-group compromise; Iowa group used explicit stock-blend evidence, not the digitized fitted line"
Systematic Robust Cubic,project model — evidence-group compromise,0.64,0.383219,,"Balanced historical evidence-group compromise; Iowa group used explicit stock-blend evidence, not the digitized fitted line"
Systematic Robust Cubic,project model — evidence-group compromise,0.65,0.393968,,"Balanced historical evidence-group compromise; Iowa group used explicit stock-blend evidence, not the digitized fitted line"
Systematic Robust Cubic,project model — evidence-group compromise,0.66,0.405008,,"Balanced historical evidence-group compromise; Iowa group used explicit stock-blend evidence, not the digitized fitted line"
Systematic Robust Cubic,project model — evidence-group compromise,0.67,0.416345,,"Balanced historical evidence-group compromise; Iowa group used explicit stock-blend evidence, not the digitized fitted line"
Systematic Robust Cubic,project model — evidence-group compromise,0.68,0.427985,,"Balanced historical evidence-group compromise; Iowa group used explicit stock-blend evidence, not the digitized fitted line"
Systematic Robust Cubic,project model — evidence-group compromise,0.69,0.439936,,"Balanced historical evidence-group compromise; Iowa group used explicit stock-blend evidence, not the digitized fitted line"
Systematic Robust Cubic,project model — evidence-group compromise,0.7,0.452203,,"Balanced historical evidence-group compromise; Iowa group used explicit stock-blend evidence, not the digitized fitted line"
Systematic Robust Cubic,project model — evidence-group compromise,0.71,0.464794,,"Balanced historical evidence-group compromise; Iowa group used explicit stock-blend evidence, not the digitized fitted line"
Systematic Robust Cubic,project model — evidence-group compromise,0.72,0.477715,,"Balanced historical evidence-group compromise; Iowa group used explicit stock-blend evidence, not the digitized fitted line"
Systematic Robust Cubic,project model — evidence-group compromise,0.73,0.490972,,"Balanced historical evidence-group compromise; Iowa group used explicit stock-blend evidence, not the digitized fitted line"
Systematic Robust Cubic,project model — evidence-group compromise,0.74,0.504572,,"Balanced historical evidence-group compromise; Iowa group used explicit stock-blend evidence, not the digitized fitted line"
Systematic Robust Cubic,project model — evidence-group compromise,0.75,0.518522,,"Balanced historical evidence-group compromise; Iowa group used explicit stock-blend evidence, not the digitized fitted line"
Systematic Robust Cubic,project model — evidence-group compromise,0.76,0.532827,,"Balanced historical evidence-group compromise; Iowa group used explicit stock-blend evidence, not the digitized fitted line"
Systematic Robust Cubic,project model — evidence-group compromise,0.77,0.547495,,"Balanced historical evidence-group compromise; Iowa group used explicit stock-blend evidence, not the digitized fitted line"
Systematic Robust Cubic,project model — evidence-group compromise,0.78,0.562533,,"Balanced historical evidence-group compromise; Iowa group used explicit stock-blend evidence, not the digitized fitted line"
Systematic Robust Cubic,project model — evidence-group compromise,0.79,0.577946,,"Balanced historical evidence-group compromise; Iowa group used explicit stock-blend evidence, not the digitized fitted line"
Systematic Robust Cubic,project model — evidence-group compromise,0.8,0.593741,,"Balanced historical evidence-group compromise; Iowa group used explicit stock-blend evidence, not the digitized fitted line"
Systematic Robust Cubic,project model — evidence-group compromise,0.81,0.609925,,"Balanced historical evidence-group compromise; Iowa group used explicit stock-blend evidence, not the digitized fitted line"
Systematic Robust Cubic,project model — evidence-group compromise,0.82,0.626504,,"Balanced historical evidence-group compromise; Iowa group used explicit stock-blend evidence, not the digitized fitted line"
Systematic Robust Cubic,project model — evidence-group compromise,0.83,0.643486,,"Balanced historical evidence-group compromise; Iowa group used explicit stock-blend evidence, not the digitized fitted line"
Systematic Robust Cubic,project model — evidence-group compromise,0.84,0.660875,,"Balanced historical evidence-group compromise; Iowa group used explicit stock-blend evidence, not the digitized fitted line"
Systematic Robust Cubic,project model — evidence-group compromise,0.85,0.67868,,"Balanced historical evidence-group compromise; Iowa group used explicit stock-blend evidence, not the digitized fitted line"
Systematic Robust Cubic,project model — evidence-group compromise,0.86,0.696906,,"Balanced historical evidence-group compromise; Iowa group used explicit stock-blend evidence, not the digitized fitted line"
Systematic Robust Cubic,project model — evidence-group compromise,0.87,0.715561,,"Balanced historical evidence-group compromise; Iowa group used explicit stock-blend evidence, not the digitized fitted line"
Systematic Robust Cubic,project model — evidence-group compromise,0.88,0.734649,,"Balanced historical evidence-group compromise; Iowa group used explicit stock-blend evidence, not the digitized fitted line"
Systematic Robust Cubic,project model — evidence-group compromise,0.89,0.754179,,"Balanced historical evidence-group compromise; Iowa group used explicit stock-blend evidence, not the digitized fitted line"
Systematic Robust Cubic,project model — evidence-group compromise,0.9,0.774157,,"Balanced historical evidence-group compromise; Iowa group used explicit stock-blend evidence, not the digitized fitted line"
Systematic Robust Cubic,project model — evidence-group compromise,0.91,0.794589,,"Balanced historical evidence-group compromise; Iowa group used explicit stock-blend evidence, not the digitized fitted line"
Systematic Robust Cubic,project model — evidence-group compromise,0.92,0.815482,,"Balanced historical evidence-group compromise; Iowa group used explicit stock-blend evidence, not the digitized fitted line"
Systematic Robust Cubic,project model — evidence-group compromise,0.93,0.836842,,"Balanced historical evidence-group compromise; Iowa group used explicit stock-blend evidence, not the digitized fitted line"
Systematic Robust Cubic,project model — evidence-group compromise,0.94,0.858676,,"Balanced historical evidence-group compromise; Iowa group used explicit stock-blend evidence, not the digitized fitted line"
Systematic Robust Cubic,project model — evidence-group compromise,0.95,0.880991,,"Balanced historical evidence-group compromise; Iowa group used explicit stock-blend evidence, not the digitized fitted line"
Systematic Robust Cubic,project model — evidence-group compromise,0.96,0.903793,,"Balanced historical evidence-group compromise; Iowa group used explicit stock-blend evidence, not the digitized fitted line"
Systematic Robust Cubic,project model — evidence-group compromise,0.97,0.927088,,"Balanced historical evidence-group compromise; Iowa group used explicit stock-blend evidence, not the digitized fitted line"
Systematic Robust Cubic,project model — evidence-group compromise,0.98,0.950883,,"Balanced historical evidence-group compromise; Iowa group used explicit stock-blend evidence, not the digitized fitted line"
Systematic Robust Cubic,project model — evidence-group compromise,0.99,0.975185,,"Balanced historical evidence-group compromise; Iowa group used explicit stock-blend evidence, not the digitized fitted line"
Systematic Robust Cubic,project model — evidence-group compromise,1.0,1.0,,"Balanced historical evidence-group compromise; Iowa group used explicit stock-blend evidence, not the digitized fitted line"
Iowa PDF endpoint-constrained cubic,project interpretation — endpoint-constrained fit to source PDF fitted line,0.0,0.0,,Constrained cubic fit to the source-native Iowa PDF vector regression while enforcing measured +3.2/-53.5°F endpoints
Iowa PDF endpoint-constrained cubic,project interpretation — endpoint-constrained fit to source PDF fitted line,0.01,0.004783,,Constrained cubic fit to the source-native Iowa PDF vector regression while enforcing measured +3.2/-53.5°F endpoints
Iowa PDF endpoint-constrained cubic,project interpretation — endpoint-constrained fit to source PDF fitted line,0.02,0.009452,,Constrained cubic fit to the source-native Iowa PDF vector regression while enforcing measured +3.2/-53.5°F endpoints
Iowa PDF endpoint-constrained cubic,project interpretation — endpoint-constrained fit to source PDF fitted line,0.03,0.014013,,Constrained cubic fit to the source-native Iowa PDF vector regression while enforcing measured +3.2/-53.5°F endpoints
Iowa PDF endpoint-constrained cubic,project interpretation — endpoint-constrained fit to source PDF fitted line,0.04,0.018472,,Constrained cubic fit to the source-native Iowa PDF vector regression while enforcing measured +3.2/-53.5°F endpoints
Iowa PDF endpoint-constrained cubic,project interpretation — endpoint-constrained fit to source PDF fitted line,0.05,0.022837,,Constrained cubic fit to the source-native Iowa PDF vector regression while enforcing measured +3.2/-53.5°F endpoints
Iowa PDF endpoint-constrained cubic,project interpretation — endpoint-constrained fit to source PDF fitted line,0.06,0.027115,,Constrained cubic fit to the source-native Iowa PDF vector regression while enforcing measured +3.2/-53.5°F endpoints
Iowa PDF endpoint-constrained cubic,project interpretation — endpoint-constrained fit to source PDF fitted line,0.07,0.031312,,Constrained cubic fit to the source-native Iowa PDF vector regression while enforcing measured +3.2/-53.5°F endpoints
Iowa PDF endpoint-constrained cubic,project interpretation — endpoint-constrained fit to source PDF fitted line,0.08,0.035434,,Constrained cubic fit to the source-native Iowa PDF vector regression while enforcing measured +3.2/-53.5°F endpoints
Iowa PDF endpoint-constrained cubic,project interpretation — endpoint-constrained fit to source PDF fitted line,0.09,0.039489,,Constrained cubic fit to the source-native Iowa PDF vector regression while enforcing measured +3.2/-53.5°F endpoints
Iowa PDF endpoint-constrained cubic,project interpretation — endpoint-constrained fit to source PDF fitted line,0.1,0.043483,,Constrained cubic fit to the source-native Iowa PDF vector regression while enforcing measured +3.2/-53.5°F endpoints
Iowa PDF endpoint-constrained cubic,project interpretation — endpoint-constrained fit to source PDF fitted line,0.11,0.047423,,Constrained cubic fit to the source-native Iowa PDF vector regression while enforcing measured +3.2/-53.5°F endpoints
Iowa PDF endpoint-constrained cubic,project interpretation — endpoint-constrained fit to source PDF fitted line,0.12,0.051316,,Constrained cubic fit to the source-native Iowa PDF vector regression while enforcing measured +3.2/-53.5°F endpoints
Iowa PDF endpoint-constrained cubic,project interpretation — endpoint-constrained fit to source PDF fitted line,0.13,0.055168,,Constrained cubic fit to the source-native Iowa PDF vector regression while enforcing measured +3.2/-53.5°F endpoints
Iowa PDF endpoint-constrained cubic,project interpretation — endpoint-constrained fit to source PDF fitted line,0.14,0.058986,,Constrained cubic fit to the source-native Iowa PDF vector regression while enforcing measured +3.2/-53.5°F endpoints
Iowa PDF endpoint-constrained cubic,project interpretation — endpoint-constrained fit to source PDF fitted line,0.15,0.062778,,Constrained cubic fit to the source-native Iowa PDF vector regression while enforcing measured +3.2/-53.5°F endpoints
Iowa PDF endpoint-constrained cubic,project interpretation — endpoint-constrained fit to source PDF fitted line,0.16,0.066549,,Constrained cubic fit to the source-native Iowa PDF vector regression while enforcing measured +3.2/-53.5°F endpoints
Iowa PDF endpoint-constrained cubic,project interpretation — endpoint-constrained fit to source PDF fitted line,0.17,0.070306,,Constrained cubic fit to the source-native Iowa PDF vector regression while enforcing measured +3.2/-53.5°F endpoints
Iowa PDF endpoint-constrained cubic,project interpretation — endpoint-constrained fit to source PDF fitted line,0.18,0.074057,,Constrained cubic fit to the source-native Iowa PDF vector regression while enforcing measured +3.2/-53.5°F endpoints
Iowa PDF endpoint-constrained cubic,project interpretation — endpoint-constrained fit to source PDF fitted line,0.19,0.077807,,Constrained cubic fit to the source-native Iowa PDF vector regression while enforcing measured +3.2/-53.5°F endpoints
Iowa PDF endpoint-constrained cubic,project interpretation — endpoint-constrained fit to source PDF fitted line,0.2,0.081564,,Constrained cubic fit to the source-native Iowa PDF vector regression while enforcing measured +3.2/-53.5°F endpoints
Iowa PDF endpoint-constrained cubic,project interpretation — endpoint-constrained fit to source PDF fitted line,0.21,0.085335,,Constrained cubic fit to the source-native Iowa PDF vector regression while enforcing measured +3.2/-53.5°F endpoints
Iowa PDF endpoint-constrained cubic,project interpretation — endpoint-constrained fit to source PDF fitted line,0.22,0.089125,,Constrained cubic fit to the source-native Iowa PDF vector regression while enforcing measured +3.2/-53.5°F endpoints
Iowa PDF endpoint-constrained cubic,project interpretation — endpoint-constrained fit to source PDF fitted line,0.23,0.092943,,Constrained cubic fit to the source-native Iowa PDF vector regression while enforcing measured +3.2/-53.5°F endpoints
Iowa PDF endpoint-constrained cubic,project interpretation — endpoint-constrained fit to source PDF fitted line,0.24,0.096793,,Constrained cubic fit to the source-native Iowa PDF vector regression while enforcing measured +3.2/-53.5°F endpoints
Iowa PDF endpoint-constrained cubic,project interpretation — endpoint-constrained fit to source PDF fitted line,0.25,0.100684,,Constrained cubic fit to the source-native Iowa PDF vector regression while enforcing measured +3.2/-53.5°F endpoints
Iowa PDF endpoint-constrained cubic,project interpretation — endpoint-constrained fit to source PDF fitted line,0.26,0.104623,,Constrained cubic fit to the source-native Iowa PDF vector regression while enforcing measured +3.2/-53.5°F endpoints
Iowa PDF endpoint-constrained cubic,project interpretation — endpoint-constrained fit to source PDF fitted line,0.27,0.108614,,Constrained cubic fit to the source-native Iowa PDF vector regression while enforcing measured +3.2/-53.5°F endpoints
Iowa PDF endpoint-constrained cubic,project interpretation — endpoint-constrained fit to source PDF fitted line,0.28,0.112667,,Constrained cubic fit to the source-native Iowa PDF vector regression while enforcing measured +3.2/-53.5°F endpoints
Iowa PDF endpoint-constrained cubic,project interpretation — endpoint-constrained fit to source PDF fitted line,0.29,0.116786,,Constrained cubic fit to the source-native Iowa PDF vector regression while enforcing measured +3.2/-53.5°F endpoints
Iowa PDF endpoint-constrained cubic,project interpretation — endpoint-constrained fit to source PDF fitted line,0.3,0.12098,,Constrained cubic fit to the source-native Iowa PDF vector regression while enforcing measured +3.2/-53.5°F endpoints
Iowa PDF endpoint-constrained cubic,project interpretation — endpoint-constrained fit to source PDF fitted line,0.31,0.125254,,Constrained cubic fit to the source-native Iowa PDF vector regression while enforcing measured +3.2/-53.5°F endpoints
Iowa PDF endpoint-constrained cubic,project interpretation — endpoint-constrained fit to source PDF fitted line,0.32,0.129616,,Constrained cubic fit to the source-native Iowa PDF vector regression while enforcing measured +3.2/-53.5°F endpoints
Iowa PDF endpoint-constrained cubic,project interpretation — endpoint-constrained fit to source PDF fitted line,0.33,0.134072,,Constrained cubic fit to the source-native Iowa PDF vector regression while enforcing measured +3.2/-53.5°F endpoints
Iowa PDF endpoint-constrained cubic,project interpretation — endpoint-constrained fit to source PDF fitted line,0.34,0.138628,,Constrained cubic fit to the source-native Iowa PDF vector regression while enforcing measured +3.2/-53.5°F endpoints
Iowa PDF endpoint-constrained cubic,project interpretation — endpoint-constrained fit to source PDF fitted line,0.35,0.143293,,Constrained cubic fit to the source-native Iowa PDF vector regression while enforcing measured +3.2/-53.5°F endpoints
Iowa PDF endpoint-constrained cubic,project interpretation — endpoint-constrained fit to source PDF fitted line,0.36,0.148071,,Constrained cubic fit to the source-native Iowa PDF vector regression while enforcing measured +3.2/-53.5°F endpoints
Iowa PDF endpoint-constrained cubic,project interpretation — endpoint-constrained fit to source PDF fitted line,0.37,0.152971,,Constrained cubic fit to the source-native Iowa PDF vector regression while enforcing measured +3.2/-53.5°F endpoints
Iowa PDF endpoint-constrained cubic,project interpretation — endpoint-constrained fit to source PDF fitted line,0.38,0.157999,,Constrained cubic fit to the source-native Iowa PDF vector regression while enforcing measured +3.2/-53.5°F endpoints
Iowa PDF endpoint-constrained cubic,project interpretation — endpoint-constrained fit to source PDF fitted line,0.39,0.163161,,Constrained cubic fit to the source-native Iowa PDF vector regression while enforcing measured +3.2/-53.5°F endpoints
Iowa PDF endpoint-constrained cubic,project interpretation — endpoint-constrained fit to source PDF fitted line,0.4,0.168465,,Constrained cubic fit to the source-native Iowa PDF vector regression while enforcing measured +3.2/-53.5°F endpoints
Iowa PDF endpoint-constrained cubic,project interpretation — endpoint-constrained fit to source PDF fitted line,0.41,0.173916,,Constrained cubic fit to the source-native Iowa PDF vector regression while enforcing measured +3.2/-53.5°F endpoints
Iowa PDF endpoint-constrained cubic,project interpretation — endpoint-constrained fit to source PDF fitted line,0.42,0.179523,,Constrained cubic fit to the source-native Iowa PDF vector regression while enforcing measured +3.2/-53.5°F endpoints
Iowa PDF endpoint-constrained cubic,project interpretation — endpoint-constrained fit to source PDF fitted line,0.43,0.185291,,Constrained cubic fit to the source-native Iowa PDF vector regression while enforcing measured +3.2/-53.5°F endpoints
Iowa PDF endpoint-constrained cubic,project interpretation — endpoint-constrained fit to source PDF fitted line,0.44,0.191227,,Constrained cubic fit to the source-native Iowa PDF vector regression while enforcing measured +3.2/-53.5°F endpoints
Iowa PDF endpoint-constrained cubic,project interpretation — endpoint-constrained fit to source PDF fitted line,0.45,0.197338,,Constrained cubic fit to the source-native Iowa PDF vector regression while enforcing measured +3.2/-53.5°F endpoints
Iowa PDF endpoint-constrained cubic,project interpretation — endpoint-constrained fit to source PDF fitted line,0.46,0.203631,,Constrained cubic fit to the source-native Iowa PDF vector regression while enforcing measured +3.2/-53.5°F endpoints
Iowa PDF endpoint-constrained cubic,project interpretation — endpoint-constrained fit to source PDF fitted line,0.47,0.210112,,Constrained cubic fit to the source-native Iowa PDF vector regression while enforcing measured +3.2/-53.5°F endpoints
Iowa PDF endpoint-constrained cubic,project interpretation — endpoint-constrained fit to source PDF fitted line,0.48,0.216789,,Constrained cubic fit to the source-native Iowa PDF vector regression while enforcing measured +3.2/-53.5°F endpoints
Iowa PDF endpoint-constrained cubic,project interpretation — endpoint-constrained fit to source PDF fitted line,0.49,0.223667,,Constrained cubic fit to the source-native Iowa PDF vector regression while enforcing measured +3.2/-53.5°F endpoints
Iowa PDF endpoint-constrained cubic,project interpretation — endpoint-constrained fit to source PDF fitted line,0.5,0.230754,,Constrained cubic fit to the source-native Iowa PDF vector regression while enforcing measured +3.2/-53.5°F endpoints
Iowa PDF endpoint-constrained cubic,project interpretation — endpoint-constrained fit to source PDF fitted line,0.51,0.238057,,Constrained cubic fit to the source-native Iowa PDF vector regression while enforcing measured +3.2/-53.5°F endpoints
Iowa PDF endpoint-constrained cubic,project interpretation — endpoint-constrained fit to source PDF fitted line,0.52,0.245581,,Constrained cubic fit to the source-native Iowa PDF vector regression while enforcing measured +3.2/-53.5°F endpoints
Iowa PDF endpoint-constrained cubic,project interpretation — endpoint-constrained fit to source PDF fitted line,0.53,0.253335,,Constrained cubic fit to the source-native Iowa PDF vector regression while enforcing measured +3.2/-53.5°F endpoints
Iowa PDF endpoint-constrained cubic,project interpretation — endpoint-constrained fit to source PDF fitted line,0.54,0.261324,,Constrained cubic fit to the source-native Iowa PDF vector regression while enforcing measured +3.2/-53.5°F endpoints
Iowa PDF endpoint-constrained cubic,project interpretation — endpoint-constrained fit to source PDF fitted line,0.55,0.269555,,Constrained cubic fit to the source-native Iowa PDF vector regression while enforcing measured +3.2/-53.5°F endpoints
Iowa PDF endpoint-constrained cubic,project interpretation — endpoint-constrained fit to source PDF fitted line,0.56,0.278036,,Constrained cubic fit to the source-native Iowa PDF vector regression while enforcing measured +3.2/-53.5°F endpoints
Iowa PDF endpoint-constrained cubic,project interpretation — endpoint-constrained fit to source PDF fitted line,0.57,0.286772,,Constrained cubic fit to the source-native Iowa PDF vector regression while enforcing measured +3.2/-53.5°F endpoints
Iowa PDF endpoint-constrained cubic,project interpretation — endpoint-constrained fit to source PDF fitted line,0.58,0.295771,,Constrained cubic fit to the source-native Iowa PDF vector regression while enforcing measured +3.2/-53.5°F endpoints
Iowa PDF endpoint-constrained cubic,project interpretation — endpoint-constrained fit to source PDF fitted line,0.59,0.305039,,Constrained cubic fit to the source-native Iowa PDF vector regression while enforcing measured +3.2/-53.5°F endpoints
Iowa PDF endpoint-constrained cubic,project interpretation — endpoint-constrained fit to source PDF fitted line,0.6,0.314583,,Constrained cubic fit to the source-native Iowa PDF vector regression while enforcing measured +3.2/-53.5°F endpoints
Iowa PDF endpoint-constrained cubic,project interpretation — endpoint-constrained fit to source PDF fitted line,0.61,0.32441,,Constrained cubic fit to the source-native Iowa PDF vector regression while enforcing measured +3.2/-53.5°F endpoints
Iowa PDF endpoint-constrained cubic,project interpretation — endpoint-constrained fit to source PDF fitted line,0.62,0.334526,,Constrained cubic fit to the source-native Iowa PDF vector regression while enforcing measured +3.2/-53.5°F endpoints
Iowa PDF endpoint-constrained cubic,project interpretation — endpoint-constrained fit to source PDF fitted line,0.63,0.344939,,Constrained cubic fit to the source-native Iowa PDF vector regression while enforcing measured +3.2/-53.5°F endpoints
Iowa PDF endpoint-constrained cubic,project interpretation — endpoint-constrained fit to source PDF fitted line,0.64,0.355654,,Constrained cubic fit to the source-native Iowa PDF vector regression while enforcing measured +3.2/-53.5°F endpoints
Iowa PDF endpoint-constrained cubic,project interpretation — endpoint-constrained fit to source PDF fitted line,0.65,0.36668,,Constrained cubic fit to the source-native Iowa PDF vector regression while enforcing measured +3.2/-53.5°F endpoints
Iowa PDF endpoint-constrained cubic,project interpretation — endpoint-constrained fit to source PDF fitted line,0.66,0.378021,,Constrained cubic fit to the source-native Iowa PDF vector regression while enforcing measured +3.2/-53.5°F endpoints
Iowa PDF endpoint-constrained cubic,project interpretation — endpoint-constrained fit to source PDF fitted line,0.67,0.389686,,Constrained cubic fit to the source-native Iowa PDF vector regression while enforcing measured +3.2/-53.5°F endpoints
Iowa PDF endpoint-constrained cubic,project interpretation — endpoint-constrained fit to source PDF fitted line,0.68,0.401681,,Constrained cubic fit to the source-native Iowa PDF vector regression while enforcing measured +3.2/-53.5°F endpoints
Iowa PDF endpoint-constrained cubic,project interpretation — endpoint-constrained fit to source PDF fitted line,0.69,0.414012,,Constrained cubic fit to the source-native Iowa PDF vector regression while enforcing measured +3.2/-53.5°F endpoints
Iowa PDF endpoint-constrained cubic,project interpretation — endpoint-constrained fit to source PDF fitted line,0.7,0.426687,,Constrained cubic fit to the source-native Iowa PDF vector regression while enforcing measured +3.2/-53.5°F endpoints
Iowa PDF endpoint-constrained cubic,project interpretation — endpoint-constrained fit to source PDF fitted line,0.71,0.439712,,Constrained cubic fit to the source-native Iowa PDF vector regression while enforcing measured +3.2/-53.5°F endpoints
Iowa PDF endpoint-constrained cubic,project interpretation — endpoint-constrained fit to source PDF fitted line,0.72,0.453093,,Constrained cubic fit to the source-native Iowa PDF vector regression while enforcing measured +3.2/-53.5°F endpoints
Iowa PDF endpoint-constrained cubic,project interpretation — endpoint-constrained fit to source PDF fitted line,0.73,0.466839,,Constrained cubic fit to the source-native Iowa PDF vector regression while enforcing measured +3.2/-53.5°F endpoints
Iowa PDF endpoint-constrained cubic,project interpretation — endpoint-constrained fit to source PDF fitted line,0.74,0.480954,,Constrained cubic fit to the source-native Iowa PDF vector regression while enforcing measured +3.2/-53.5°F endpoints
Iowa PDF endpoint-constrained cubic,project interpretation — endpoint-constrained fit to source PDF fitted line,0.75,0.495447,,Constrained cubic fit to the source-native Iowa PDF vector regression while enforcing measured +3.2/-53.5°F endpoints
Iowa PDF endpoint-constrained cubic,project interpretation — endpoint-constrained fit to source PDF fitted line,0.76,0.510323,,Constrained cubic fit to the source-native Iowa PDF vector regression while enforcing measured +3.2/-53.5°F endpoints
Iowa PDF endpoint-constrained cubic,project interpretation — endpoint-constrained fit to source PDF fitted line,0.77,0.52559,,Constrained cubic fit to the source-native Iowa PDF vector regression while enforcing measured +3.2/-53.5°F endpoints
Iowa PDF endpoint-constrained cubic,project interpretation — endpoint-constrained fit to source PDF fitted line,0.78,0.541254,,Constrained cubic fit to the source-native Iowa PDF vector regression while enforcing measured +3.2/-53.5°F endpoints
Iowa PDF endpoint-constrained cubic,project interpretation — endpoint-constrained fit to source PDF fitted line,0.79,0.557322,,Constrained cubic fit to the source-native Iowa PDF vector regression while enforcing measured +3.2/-53.5°F endpoints
Iowa PDF endpoint-constrained cubic,project interpretation — endpoint-constrained fit to source PDF fitted line,0.8,0.573801,,Constrained cubic fit to the source-native Iowa PDF vector regression while enforcing measured +3.2/-53.5°F endpoints
Iowa PDF endpoint-constrained cubic,project interpretation — endpoint-constrained fit to source PDF fitted line,0.81,0.590697,,Constrained cubic fit to the source-native Iowa PDF vector regression while enforcing measured +3.2/-53.5°F endpoints
Iowa PDF endpoint-constrained cubic,project interpretation — endpoint-constrained fit to source PDF fitted line,0.82,0.608018,,Constrained cubic fit to the source-native Iowa PDF vector regression while enforcing measured +3.2/-53.5°F endpoints
Iowa PDF endpoint-constrained cubic,project interpretation — endpoint-constrained fit to source PDF fitted line,0.83,0.625769,,Constrained cubic fit to the source-native Iowa PDF vector regression while enforcing measured +3.2/-53.5°F endpoints
Iowa PDF endpoint-constrained cubic,project interpretation — endpoint-constrained fit to source PDF fitted line,0.84,0.643958,,Constrained cubic fit to the source-native Iowa PDF vector regression while enforcing measured +3.2/-53.5°F endpoints
Iowa PDF endpoint-constrained cubic,project interpretation — endpoint-constrained fit to source PDF fitted line,0.85,0.662591,,Constrained cubic fit to the source-native Iowa PDF vector regression while enforcing measured +3.2/-53.5°F endpoints
Iowa PDF endpoint-constrained cubic,project interpretation — endpoint-constrained fit to source PDF fitted line,0.86,0.681676,,Constrained cubic fit to the source-native Iowa PDF vector regression while enforcing measured +3.2/-53.5°F endpoints
Iowa PDF endpoint-constrained cubic,project interpretation — endpoint-constrained fit to source PDF fitted line,0.87,0.701218,,Constrained cubic fit to the source-native Iowa PDF vector regression while enforcing measured +3.2/-53.5°F endpoints
Iowa PDF endpoint-constrained cubic,project interpretation — endpoint-constrained fit to source PDF fitted line,0.88,0.721225,,Constrained cubic fit to the source-native Iowa PDF vector regression while enforcing measured +3.2/-53.5°F endpoints
Iowa PDF endpoint-constrained cubic,project interpretation — endpoint-constrained fit to source PDF fitted line,0.89,0.741704,,Constrained cubic fit to the source-native Iowa PDF vector regression while enforcing measured +3.2/-53.5°F endpoints
Iowa PDF endpoint-constrained cubic,project interpretation — endpoint-constrained fit to source PDF fitted line,0.9,0.76266,,Constrained cubic fit to the source-native Iowa PDF vector regression while enforcing measured +3.2/-53.5°F endpoints
Iowa PDF endpoint-constrained cubic,project interpretation — endpoint-constrained fit to source PDF fitted line,0.91,0.784101,,Constrained cubic fit to the source-native Iowa PDF vector regression while enforcing measured +3.2/-53.5°F endpoints
Iowa PDF endpoint-constrained cubic,project interpretation — endpoint-constrained fit to source PDF fitted line,0.92,0.806034,,Constrained cubic fit to the source-native Iowa PDF vector regression while enforcing measured +3.2/-53.5°F endpoints
Iowa PDF endpoint-constrained cubic,project interpretation — endpoint-constrained fit to source PDF fitted line,0.93,0.828465,,Constrained cubic fit to the source-native Iowa PDF vector regression while enforcing measured +3.2/-53.5°F endpoints
Iowa PDF endpoint-constrained cubic,project interpretation — endpoint-constrained fit to source PDF fitted line,0.94,0.851401,,Constrained cubic fit to the source-native Iowa PDF vector regression while enforcing measured +3.2/-53.5°F endpoints
Iowa PDF endpoint-constrained cubic,project interpretation — endpoint-constrained fit to source PDF fitted line,0.95,0.874849,,Constrained cubic fit to the source-native Iowa PDF vector regression while enforcing measured +3.2/-53.5°F endpoints
Iowa PDF endpoint-constrained cubic,project interpretation — endpoint-constrained fit to source PDF fitted line,0.96,0.898815,,Constrained cubic fit to the source-native Iowa PDF vector regression while enforcing measured +3.2/-53.5°F endpoints
Iowa PDF endpoint-constrained cubic,project interpretation — endpoint-constrained fit to source PDF fitted line,0.97,0.923307,,Constrained cubic fit to the source-native Iowa PDF vector regression while enforcing measured +3.2/-53.5°F endpoints
Iowa PDF endpoint-constrained cubic,project interpretation — endpoint-constrained fit to source PDF fitted line,0.98,0.94833,,Constrained cubic fit to the source-native Iowa PDF vector regression while enforcing measured +3.2/-53.5°F endpoints
Iowa PDF endpoint-constrained cubic,project interpretation — endpoint-constrained fit to source PDF fitted line,0.99,0.973892,,Constrained cubic fit to the source-native Iowa PDF vector regression while enforcing measured +3.2/-53.5°F endpoints
Iowa PDF endpoint-constrained cubic,project interpretation — endpoint-constrained fit to source PDF fitted line,1.0,1.0,,Constrained cubic fit to the source-native Iowa PDF vector regression while enforcing measured +3.2/-53.5°F endpoints
Iowa PDF fitted line — source-native,published fitted line extracted from original PDF vector path — not endpoint constrained,0.0,-0.024318,4.579,Direct vector extraction from Iowa Figure 1; normalized here only for common-axis display using measured +3.2/-53.5°F endpoints
Iowa PDF fitted line — source-native,published fitted line extracted from original PDF vector path — not endpoint constrained,0.01,-0.019466,4.304,Direct vector extraction from Iowa Figure 1; normalized here only for common-axis display using measured +3.2/-53.5°F endpoints
Iowa PDF fitted line — source-native,published fitted line extracted from original PDF vector path — not endpoint constrained,0.02,-0.014731,4.035,Direct vector extraction from Iowa Figure 1; normalized here only for common-axis display using measured +3.2/-53.5°F endpoints
Iowa PDF fitted line — source-native,published fitted line extracted from original PDF vector path — not endpoint constrained,0.03,-0.009879,3.76,Direct vector extraction from Iowa Figure 1; normalized here only for common-axis display using measured +3.2/-53.5°F endpoints
Iowa PDF fitted line — source-native,published fitted line extracted from original PDF vector path — not endpoint constrained,0.04,-0.005133,3.491,Direct vector extraction from Iowa Figure 1; normalized here only for common-axis display using measured +3.2/-53.5°F endpoints
Iowa PDF fitted line — source-native,published fitted line extracted from original PDF vector path — not endpoint constrained,0.05,-0.000293,3.217,Direct vector extraction from Iowa Figure 1; normalized here only for common-axis display using measured +3.2/-53.5°F endpoints
Iowa PDF fitted line — source-native,published fitted line extracted from original PDF vector path — not endpoint constrained,0.06,0.004879,2.923,Direct vector extraction from Iowa Figure 1; normalized here only for common-axis display using measured +3.2/-53.5°F endpoints
Iowa PDF fitted line — source-native,published fitted line extracted from original PDF vector path — not endpoint constrained,0.07,0.009729,2.648,Direct vector extraction from Iowa Figure 1; normalized here only for common-axis display using measured +3.2/-53.5°F endpoints
Iowa PDF fitted line — source-native,published fitted line extracted from original PDF vector path — not endpoint constrained,0.08,0.014903,2.355,Direct vector extraction from Iowa Figure 1; normalized here only for common-axis display using measured +3.2/-53.5°F endpoints
Iowa PDF fitted line — source-native,published fitted line extracted from original PDF vector path — not endpoint constrained,0.09,0.019638,2.087,Direct vector extraction from Iowa Figure 1; normalized here only for common-axis display using measured +3.2/-53.5°F endpoints
Iowa PDF fitted line — source-native,published fitted line extracted from original PDF vector path — not endpoint constrained,0.1,0.024927,1.787,Direct vector extraction from Iowa Figure 1; normalized here only for common-axis display using measured +3.2/-53.5°F endpoints
Iowa PDF fitted line — source-native,published fitted line extracted from original PDF vector path — not endpoint constrained,0.11,0.029662,1.518,Direct vector extraction from Iowa Figure 1; normalized here only for common-axis display using measured +3.2/-53.5°F endpoints
Iowa PDF fitted line — source-native,published fitted line extracted from original PDF vector path — not endpoint constrained,0.12,0.03495,1.218,Direct vector extraction from Iowa Figure 1; normalized here only for common-axis display using measured +3.2/-53.5°F endpoints
Iowa PDF fitted line — source-native,published fitted line extracted from original PDF vector path — not endpoint constrained,0.13,0.039738,0.947,Direct vector extraction from Iowa Figure 1; normalized here only for common-axis display using measured +3.2/-53.5°F endpoints
Iowa PDF fitted line — source-native,published fitted line extracted from original PDF vector path — not endpoint constrained,0.14,0.044974,0.65,Direct vector extraction from Iowa Figure 1; normalized here only for common-axis display using measured +3.2/-53.5°F endpoints
Iowa PDF fitted line — source-native,published fitted line extracted from original PDF vector path — not endpoint constrained,0.15,0.050146,0.357,Direct vector extraction from Iowa Figure 1; normalized here only for common-axis display using measured +3.2/-53.5°F endpoints
Iowa PDF fitted line — source-native,published fitted line extracted from original PDF vector path — not endpoint constrained,0.16,0.054984,0.082,Direct vector extraction from Iowa Figure 1; normalized here only for common-axis display using measured +3.2/-53.5°F endpoints
Iowa PDF fitted line — source-native,published fitted line extracted from original PDF vector path — not endpoint constrained,0.17,0.060169,-0.212,Direct vector extraction from Iowa Figure 1; normalized here only for common-axis display using measured +3.2/-53.5°F endpoints
Iowa PDF fitted line — source-native,published fitted line extracted from original PDF vector path — not endpoint constrained,0.18,0.065341,-0.505,Direct vector extraction from Iowa Figure 1; normalized here only for common-axis display using measured +3.2/-53.5°F endpoints
Iowa PDF fitted line — source-native,published fitted line extracted from original PDF vector path — not endpoint constrained,0.19,0.070193,-0.78,Direct vector extraction from Iowa Figure 1; normalized here only for common-axis display using measured +3.2/-53.5°F endpoints
Iowa PDF fitted line — source-native,published fitted line extracted from original PDF vector path — not endpoint constrained,0.2,0.075365,-1.073,Direct vector extraction from Iowa Figure 1; normalized here only for common-axis display using measured +3.2/-53.5°F endpoints
Iowa PDF fitted line — source-native,published fitted line extracted from original PDF vector path — not endpoint constrained,0.21,0.080653,-1.373,Direct vector extraction from Iowa Figure 1; normalized here only for common-axis display using measured +3.2/-53.5°F endpoints
Iowa PDF fitted line — source-native,published fitted line extracted from original PDF vector path — not endpoint constrained,0.22,0.085388,-1.642,Direct vector extraction from Iowa Figure 1; normalized here only for common-axis display using measured +3.2/-53.5°F endpoints
Iowa PDF fitted line — source-native,published fitted line extracted from original PDF vector path — not endpoint constrained,0.23,0.090677,-1.941,Direct vector extraction from Iowa Figure 1; normalized here only for common-axis display using measured +3.2/-53.5°F endpoints
Iowa PDF fitted line — source-native,published fitted line extracted from original PDF vector path — not endpoint constrained,0.24,0.095849,-2.235,Direct vector extraction from Iowa Figure 1; normalized here only for common-axis display using measured +3.2/-53.5°F endpoints
Iowa PDF fitted line — source-native,published fitted line extracted from original PDF vector path — not endpoint constrained,0.25,0.100675,-2.508,Direct vector extraction from Iowa Figure 1; normalized here only for common-axis display using measured +3.2/-53.5°F endpoints
Iowa PDF fitted line — source-native,published fitted line extracted from original PDF vector path — not endpoint constrained,0.26,0.105872,-2.803,Direct vector extraction from Iowa Figure 1; normalized here only for common-axis display using measured +3.2/-53.5°F endpoints
Iowa PDF fitted line — source-native,published fitted line extracted from original PDF vector path — not endpoint constrained,0.27,0.111044,-3.096,Direct vector extraction from Iowa Figure 1; normalized here only for common-axis display using measured +3.2/-53.5°F endpoints
Iowa PDF fitted line — source-native,published fitted line extracted from original PDF vector path — not endpoint constrained,0.28,0.115896,-3.371,Direct vector extraction from Iowa Figure 1; normalized here only for common-axis display using measured +3.2/-53.5°F endpoints
Iowa PDF fitted line — source-native,published fitted line extracted from original PDF vector path — not endpoint constrained,0.29,0.121068,-3.665,Direct vector extraction from Iowa Figure 1; normalized here only for common-axis display using measured +3.2/-53.5°F endpoints
Iowa PDF fitted line — source-native,published fitted line extracted from original PDF vector path — not endpoint constrained,0.3,0.126356,-3.964,Direct vector extraction from Iowa Figure 1; normalized here only for common-axis display using measured +3.2/-53.5°F endpoints
Iowa PDF fitted line — source-native,published fitted line extracted from original PDF vector path — not endpoint constrained,0.31,0.131528,-4.258,Direct vector extraction from Iowa Figure 1; normalized here only for common-axis display using measured +3.2/-53.5°F endpoints
Iowa PDF fitted line — source-native,published fitted line extracted from original PDF vector path — not endpoint constrained,0.32,0.13638,-4.533,Direct vector extraction from Iowa Figure 1; normalized here only for common-axis display using measured +3.2/-53.5°F endpoints
Iowa PDF fitted line — source-native,published fitted line extracted from original PDF vector path — not endpoint constrained,0.33,0.141552,-4.826,Direct vector extraction from Iowa Figure 1; normalized here only for common-axis display using measured +3.2/-53.5°F endpoints
Iowa PDF fitted line — source-native,published fitted line extracted from original PDF vector path — not endpoint constrained,0.34,0.146804,-5.124,Direct vector extraction from Iowa Figure 1; normalized here only for common-axis display using measured +3.2/-53.5°F endpoints
Iowa PDF fitted line — source-native,published fitted line extracted from original PDF vector path — not endpoint constrained,0.35,0.152012,-5.419,Direct vector extraction from Iowa Figure 1; normalized here only for common-axis display using measured +3.2/-53.5°F endpoints
Iowa PDF fitted line — source-native,published fitted line extracted from original PDF vector path — not endpoint constrained,0.36,0.157621,-5.737,Direct vector extraction from Iowa Figure 1; normalized here only for common-axis display using measured +3.2/-53.5°F endpoints
Iowa PDF fitted line — source-native,published fitted line extracted from original PDF vector path — not endpoint constrained,0.37,0.162909,-6.037,Direct vector extraction from Iowa Figure 1; normalized here only for common-axis display using measured +3.2/-53.5°F endpoints
Iowa PDF fitted line — source-native,published fitted line extracted from original PDF vector path — not endpoint constrained,0.38,0.168081,-6.33,Direct vector extraction from Iowa Figure 1; normalized here only for common-axis display using measured +3.2/-53.5°F endpoints
Iowa PDF fitted line — source-native,published fitted line extracted from original PDF vector path — not endpoint constrained,0.39,0.173807,-6.655,Direct vector extraction from Iowa Figure 1; normalized here only for common-axis display using measured +3.2/-53.5°F endpoints
Iowa PDF fitted line — source-native,published fitted line extracted from original PDF vector path — not endpoint constrained,0.4,0.179241,-6.963,Direct vector extraction from Iowa Figure 1; normalized here only for common-axis display using measured +3.2/-53.5°F endpoints
Iowa PDF fitted line — source-native,published fitted line extracted from original PDF vector path — not endpoint constrained,0.41,0.184704,-7.273,Direct vector extraction from Iowa Figure 1; normalized here only for common-axis display using measured +3.2/-53.5°F endpoints
Iowa PDF fitted line — source-native,published fitted line extracted from original PDF vector path — not endpoint constrained,0.42,0.190313,-7.591,Direct vector extraction from Iowa Figure 1; normalized here only for common-axis display using measured +3.2/-53.5°F endpoints
Iowa PDF fitted line — source-native,published fitted line extracted from original PDF vector path — not endpoint constrained,0.43,0.196245,-7.927,Direct vector extraction from Iowa Figure 1; normalized here only for common-axis display using measured +3.2/-53.5°F endpoints
Iowa PDF fitted line — source-native,published fitted line extracted from original PDF vector path — not endpoint constrained,0.44,0.202083,-8.258,Direct vector extraction from Iowa Figure 1; normalized here only for common-axis display using measured +3.2/-53.5°F endpoints
Iowa PDF fitted line — source-native,published fitted line extracted from original PDF vector path — not endpoint constrained,0.45,0.207925,-8.589,Direct vector extraction from Iowa Figure 1; normalized here only for common-axis display using measured +3.2/-53.5°F endpoints
Iowa PDF fitted line — source-native,published fitted line extracted from original PDF vector path — not endpoint constrained,0.46,0.214099,-8.939,Direct vector extraction from Iowa Figure 1; normalized here only for common-axis display using measured +3.2/-53.5°F endpoints
Iowa PDF fitted line — source-native,published fitted line extracted from original PDF vector path — not endpoint constrained,0.47,0.220127,-9.281,Direct vector extraction from Iowa Figure 1; normalized here only for common-axis display using measured +3.2/-53.5°F endpoints
Iowa PDF fitted line — source-native,published fitted line extracted from original PDF vector path — not endpoint constrained,0.48,0.226301,-9.631,Direct vector extraction from Iowa Figure 1; normalized here only for common-axis display using measured +3.2/-53.5°F endpoints
Iowa PDF fitted line — source-native,published fitted line extracted from original PDF vector path — not endpoint constrained,0.49,0.232766,-9.998,Direct vector extraction from Iowa Figure 1; normalized here only for common-axis display using measured +3.2/-53.5°F endpoints
Iowa PDF fitted line — source-native,published fitted line extracted from original PDF vector path — not endpoint constrained,0.5,0.239376,-10.373,Direct vector extraction from Iowa Figure 1; normalized here only for common-axis display using measured +3.2/-53.5°F endpoints
Iowa PDF fitted line — source-native,published fitted line extracted from original PDF vector path — not endpoint constrained,0.51,0.245841,-10.739,Direct vector extraction from Iowa Figure 1; normalized here only for common-axis display using measured +3.2/-53.5°F endpoints
Iowa PDF fitted line — source-native,published fitted line extracted from original PDF vector path — not endpoint constrained,0.52,0.252814,-11.135,Direct vector extraction from Iowa Figure 1; normalized here only for common-axis display using measured +3.2/-53.5°F endpoints
Iowa PDF fitted line — source-native,published fitted line extracted from original PDF vector path — not endpoint constrained,0.53,0.26,-11.542,Direct vector extraction from Iowa Figure 1; normalized here only for common-axis display using measured +3.2/-53.5°F endpoints
Iowa PDF fitted line — source-native,published fitted line extracted from original PDF vector path — not endpoint constrained,0.54,0.267129,-11.946,Direct vector extraction from Iowa Figure 1; normalized here only for common-axis display using measured +3.2/-53.5°F endpoints
Iowa PDF fitted line — source-native,published fitted line extracted from original PDF vector path — not endpoint constrained,0.55,0.274613,-12.371,Direct vector extraction from Iowa Figure 1; normalized here only for common-axis display using measured +3.2/-53.5°F endpoints
Iowa PDF fitted line — source-native,published fitted line extracted from original PDF vector path — not endpoint constrained,0.56,0.282138,-12.797,Direct vector extraction from Iowa Figure 1; normalized here only for common-axis display using measured +3.2/-53.5°F endpoints
Iowa PDF fitted line — source-native,published fitted line extracted from original PDF vector path — not endpoint constrained,0.57,0.290071,-13.247,Direct vector extraction from Iowa Figure 1; normalized here only for common-axis display using measured +3.2/-53.5°F endpoints
Iowa PDF fitted line — source-native,published fitted line extracted from original PDF vector path — not endpoint constrained,0.58,0.298009,-13.697,Direct vector extraction from Iowa Figure 1; normalized here only for common-axis display using measured +3.2/-53.5°F endpoints
Iowa PDF fitted line — source-native,published fitted line extracted from original PDF vector path — not endpoint constrained,0.59,0.30639,-14.172,Direct vector extraction from Iowa Figure 1; normalized here only for common-axis display using measured +3.2/-53.5°F endpoints
Iowa PDF fitted line — source-native,published fitted line extracted from original PDF vector path — not endpoint constrained,0.6,0.315004,-14.661,Direct vector extraction from Iowa Figure 1; normalized here only for common-axis display using measured +3.2/-53.5°F endpoints
Iowa PDF fitted line — source-native,published fitted line extracted from original PDF vector path — not endpoint constrained,0.61,0.323697,-15.154,Direct vector extraction from Iowa Figure 1; normalized here only for common-axis display using measured +3.2/-53.5°F endpoints
Iowa PDF fitted line — source-native,published fitted line extracted from original PDF vector path — not endpoint constrained,0.62,0.332873,-15.674,Direct vector extraction from Iowa Figure 1; normalized here only for common-axis display using measured +3.2/-53.5°F endpoints
Iowa PDF fitted line — source-native,published fitted line extracted from original PDF vector path — not endpoint constrained,0.63,0.342361,-16.212,Direct vector extraction from Iowa Figure 1; normalized here only for common-axis display using measured +3.2/-53.5°F endpoints
Iowa PDF fitted line — source-native,published fitted line extracted from original PDF vector path — not endpoint constrained,0.64,0.352052,-16.761,Direct vector extraction from Iowa Figure 1; normalized here only for common-axis display using measured +3.2/-53.5°F endpoints
Iowa PDF fitted line — source-native,published fitted line extracted from original PDF vector path — not endpoint constrained,0.65,0.362122,-17.332,Direct vector extraction from Iowa Figure 1; normalized here only for common-axis display using measured +3.2/-53.5°F endpoints
Iowa PDF fitted line — source-native,published fitted line extracted from original PDF vector path — not endpoint constrained,0.66,0.372419,-17.916,Direct vector extraction from Iowa Figure 1; normalized here only for common-axis display using measured +3.2/-53.5°F endpoints
Iowa PDF fitted line — source-native,published fitted line extracted from original PDF vector path — not endpoint constrained,0.67,0.383043,-18.519,Direct vector extraction from Iowa Figure 1; normalized here only for common-axis display using measured +3.2/-53.5°F endpoints
Iowa PDF fitted line — source-native,published fitted line extracted from original PDF vector path — not endpoint constrained,0.68,0.394208,-19.152,Direct vector extraction from Iowa Figure 1; normalized here only for common-axis display using measured +3.2/-53.5°F endpoints
Iowa PDF fitted line — source-native,published fitted line extracted from original PDF vector path — not endpoint constrained,0.69,0.405845,-19.811,Direct vector extraction from Iowa Figure 1; normalized here only for common-axis display using measured +3.2/-53.5°F endpoints
Iowa PDF fitted line — source-native,published fitted line extracted from original PDF vector path — not endpoint constrained,0.7,0.417557,-20.475,Direct vector extraction from Iowa Figure 1; normalized here only for common-axis display using measured +3.2/-53.5°F endpoints
Iowa PDF fitted line — source-native,published fitted line extracted from original PDF vector path — not endpoint constrained,0.71,0.429945,-21.178,Direct vector extraction from Iowa Figure 1; normalized here only for common-axis display using measured +3.2/-53.5°F endpoints
Iowa PDF fitted line — source-native,published fitted line extracted from original PDF vector path — not endpoint constrained,0.72,0.442439,-21.886,Direct vector extraction from Iowa Figure 1; normalized here only for common-axis display using measured +3.2/-53.5°F endpoints
Iowa PDF fitted line — source-native,published fitted line extracted from original PDF vector path — not endpoint constrained,0.73,0.455782,-22.643,Direct vector extraction from Iowa Figure 1; normalized here only for common-axis display using measured +3.2/-53.5°F endpoints
Iowa PDF fitted line — source-native,published fitted line extracted from original PDF vector path — not endpoint constrained,0.74,0.469463,-23.419,Direct vector extraction from Iowa Figure 1; normalized here only for common-axis display using measured +3.2/-53.5°F endpoints
Iowa PDF fitted line — source-native,published fitted line extracted from original PDF vector path — not endpoint constrained,0.75,0.483674,-24.224,Direct vector extraction from Iowa Figure 1; normalized here only for common-axis display using measured +3.2/-53.5°F endpoints
Iowa PDF fitted line — source-native,published fitted line extracted from original PDF vector path — not endpoint constrained,0.76,0.498334,-25.056,Direct vector extraction from Iowa Figure 1; normalized here only for common-axis display using measured +3.2/-53.5°F endpoints
Iowa PDF fitted line — source-native,published fitted line extracted from original PDF vector path — not endpoint constrained,0.77,0.513424,-25.911,Direct vector extraction from Iowa Figure 1; normalized here only for common-axis display using measured +3.2/-53.5°F endpoints
Iowa PDF fitted line — source-native,published fitted line extracted from original PDF vector path — not endpoint constrained,0.78,0.52894,-26.791,Direct vector extraction from Iowa Figure 1; normalized here only for common-axis display using measured +3.2/-53.5°F endpoints
Iowa PDF fitted line — source-native,published fitted line extracted from original PDF vector path — not endpoint constrained,0.79,0.545038,-27.704,Direct vector extraction from Iowa Figure 1; normalized here only for common-axis display using measured +3.2/-53.5°F endpoints
Iowa PDF fitted line — source-native,published fitted line extracted from original PDF vector path — not endpoint constrained,0.8,0.562156,-28.674,Direct vector extraction from Iowa Figure 1; normalized here only for common-axis display using measured +3.2/-53.5°F endpoints
Iowa PDF fitted line — source-native,published fitted line extracted from original PDF vector path — not endpoint constrained,0.81,0.579471,-29.656,Direct vector extraction from Iowa Figure 1; normalized here only for common-axis display using measured +3.2/-53.5°F endpoints
Iowa PDF fitted line — source-native,published fitted line extracted from original PDF vector path — not endpoint constrained,0.82,0.597544,-30.681,Direct vector extraction from Iowa Figure 1; normalized here only for common-axis display using measured +3.2/-53.5°F endpoints
Iowa PDF fitted line — source-native,published fitted line extracted from original PDF vector path — not endpoint constrained,0.83,0.616146,-31.735,Direct vector extraction from Iowa Figure 1; normalized here only for common-axis display using measured +3.2/-53.5°F endpoints
Iowa PDF fitted line — source-native,published fitted line extracted from original PDF vector path — not endpoint constrained,0.84,0.635617,-32.839,Direct vector extraction from Iowa Figure 1; normalized here only for common-axis display using measured +3.2/-53.5°F endpoints
Iowa PDF fitted line — source-native,published fitted line extracted from original PDF vector path — not endpoint constrained,0.85,0.655431,-33.963,Direct vector extraction from Iowa Figure 1; normalized here only for common-axis display using measured +3.2/-53.5°F endpoints
Iowa PDF fitted line — source-native,published fitted line extracted from original PDF vector path — not endpoint constrained,0.86,0.676584,-35.162,Direct vector extraction from Iowa Figure 1; normalized here only for common-axis display using measured +3.2/-53.5°F endpoints
Iowa PDF fitted line — source-native,published fitted line extracted from original PDF vector path — not endpoint constrained,0.87,0.697761,-36.363,Direct vector extraction from Iowa Figure 1; normalized here only for common-axis display using measured +3.2/-53.5°F endpoints
Iowa PDF fitted line — source-native,published fitted line extracted from original PDF vector path — not endpoint constrained,0.88,0.719784,-37.612,Direct vector extraction from Iowa Figure 1; normalized here only for common-axis display using measured +3.2/-53.5°F endpoints
Iowa PDF fitted line — source-native,published fitted line extracted from original PDF vector path — not endpoint constrained,0.89,0.742701,-38.911,Direct vector extraction from Iowa Figure 1; normalized here only for common-axis display using measured +3.2/-53.5°F endpoints
Iowa PDF fitted line — source-native,published fitted line extracted from original PDF vector path — not endpoint constrained,0.9,0.766412,-40.256,Direct vector extraction from Iowa Figure 1; normalized here only for common-axis display using measured +3.2/-53.5°F endpoints
Iowa PDF fitted line — source-native,published fitted line extracted from original PDF vector path — not endpoint constrained,0.91,0.791124,-41.657,Direct vector extraction from Iowa Figure 1; normalized here only for common-axis display using measured +3.2/-53.5°F endpoints
Iowa PDF fitted line — source-native,published fitted line extracted from original PDF vector path — not endpoint constrained,0.92,0.816151,-43.076,Direct vector extraction from Iowa Figure 1; normalized here only for common-axis display using measured +3.2/-53.5°F endpoints
Iowa PDF fitted line — source-native,published fitted line extracted from original PDF vector path — not endpoint constrained,0.93,0.84303,-44.6,Direct vector extraction from Iowa Figure 1; normalized here only for common-axis display using measured +3.2/-53.5°F endpoints
Iowa PDF fitted line — source-native,published fitted line extracted from original PDF vector path — not endpoint constrained,0.94,0.86978,-46.117,Direct vector extraction from Iowa Figure 1; normalized here only for common-axis display using measured +3.2/-53.5°F endpoints
Iowa PDF fitted line — source-native,published fitted line extracted from original PDF vector path — not endpoint constrained,0.95,0.89801,-47.717,Direct vector extraction from Iowa Figure 1; normalized here only for common-axis display using measured +3.2/-53.5°F endpoints
Iowa PDF fitted line — source-native,published fitted line extracted from original PDF vector path — not endpoint constrained,0.96,0.926893,-49.355,Direct vector extraction from Iowa Figure 1; normalized here only for common-axis display using measured +3.2/-53.5°F endpoints
Iowa PDF fitted line — source-native,published fitted line extracted from original PDF vector path — not endpoint constrained,0.97,0.956206,-51.017,Direct vector extraction from Iowa Figure 1; normalized here only for common-axis display using measured +3.2/-53.5°F endpoints
Iowa PDF fitted line — source-native,published fitted line extracted from original PDF vector path — not endpoint constrained,0.98,0.987494,-52.791,Direct vector extraction from Iowa Figure 1; normalized here only for common-axis display using measured +3.2/-53.5°F endpoints
Iowa PDF fitted line — source-native,published fitted line extracted from original PDF vector path — not endpoint constrained,0.99,1.018962,-54.575,Direct vector extraction from Iowa Figure 1; normalized here only for common-axis display using measured +3.2/-53.5°F endpoints
Iowa PDF fitted line — source-native,published fitted line extracted from original PDF vector path — not endpoint constrained,1.0,1.05244,-56.473,Direct vector extraction from Iowa Figure 1; normalized here only for common-axis display using measured +3.2/-53.5°F endpoints
Iowa PDF plotted measurement,graph-derived measured point from original PDF vector objects,-0.0,0.000144,3.192,Center of plotted data marker extracted from original Iowa PDF Figure 1
Iowa PDF plotted measurement,graph-derived measured point from original PDF vector objects,0.05,-0.01034,3.786,Center of plotted data marker extracted from original Iowa PDF Figure 1
Iowa PDF plotted measurement,graph-derived measured point from original PDF vector objects,0.1,0.01587,2.3,Center of plotted data marker extracted from original Iowa PDF Figure 1
Iowa PDF plotted measurement,graph-derived measured point from original PDF vector objects,0.15,0.010628,2.597,Center of plotted data marker extracted from original Iowa PDF Figure 1
Iowa PDF plotted measurement,graph-derived measured point from original PDF vector objects,0.2,0.111097,-3.099,Center of plotted data marker extracted from original Iowa PDF Figure 1
Iowa PDF plotted measurement,graph-derived measured point from original PDF vector objects,0.25,0.127259,-4.016,Center of plotted data marker extracted from original Iowa PDF Figure 1
Iowa PDF plotted measurement,graph-derived measured point from original PDF vector objects,0.3,0.127259,-4.016,Center of plotted data marker extracted from original Iowa PDF Figure 1
Iowa PDF plotted measurement,graph-derived measured point from original PDF vector objects,0.35,0.15871,-5.799,Center of plotted data marker extracted from original Iowa PDF Figure 1
Iowa PDF plotted measurement,graph-derived measured point from original PDF vector objects,0.4,0.137743,-4.61,Center of plotted data marker extracted from original Iowa PDF Figure 1
Iowa PDF plotted measurement,graph-derived measured point from original PDF vector objects,0.45,0.211566,-8.796,Center of plotted data marker extracted from original Iowa PDF Figure 1
Iowa PDF plotted measurement,graph-derived measured point from original PDF vector objects,0.5,0.253938,-11.198,Center of plotted data marker extracted from original Iowa PDF Figure 1
Iowa PDF plotted measurement,graph-derived measured point from original PDF vector objects,0.5401,0.285826,-13.006,Center of plotted data marker extracted from original Iowa PDF Figure 1
Iowa PDF plotted measurement,graph-derived measured point from original PDF vector objects,0.55,0.275342,-12.412,Center of plotted data marker extracted from original Iowa PDF Figure 1
Iowa PDF plotted measurement,graph-derived measured point from original PDF vector objects,0.5599,0.317714,-14.814,Center of plotted data marker extracted from original Iowa PDF Figure 1
Iowa PDF plotted measurement,graph-derived measured point from original PDF vector objects,0.58,0.317714,-14.814,Center of plotted data marker extracted from original Iowa PDF Figure 1
Iowa PDF plotted measurement,graph-derived measured point from original PDF vector objects,0.6,0.338681,-16.003,Center of plotted data marker extracted from original Iowa PDF Figure 1
Iowa PDF plotted measurement,graph-derived measured point from original PDF vector objects,0.62,0.349165,-16.598,Center of plotted data marker extracted from original Iowa PDF Figure 1
Iowa PDF plotted measurement,graph-derived measured point from original PDF vector objects,0.6401,0.381053,-18.406,Center of plotted data marker extracted from original Iowa PDF Figure 1
Iowa PDF plotted measurement,graph-derived measured point from original PDF vector objects,0.65,0.338681,-16.003,Center of plotted data marker extracted from original Iowa PDF Figure 1
Iowa PDF plotted measurement,graph-derived measured point from original PDF vector objects,0.7,0.381053,-18.406,Center of plotted data marker extracted from original Iowa PDF Figure 1
Iowa PDF plotted measurement,graph-derived measured point from original PDF vector objects,0.75,0.423424,-20.808,Center of plotted data marker extracted from original Iowa PDF Figure 1
Iowa PDF plotted measurement,graph-derived measured point from original PDF vector objects,0.78,0.539619,-27.396,Center of plotted data marker extracted from original Iowa PDF Figure 1
Iowa PDF plotted measurement,graph-derived measured point from original PDF vector objects,0.8,0.571507,-29.204,Center of plotted data marker extracted from original Iowa PDF Figure 1
Iowa PDF plotted measurement,graph-derived measured point from original PDF vector objects,0.82,0.603395,-31.012,Center of plotted data marker extracted from original Iowa PDF Figure 1
Iowa PDF plotted measurement,graph-derived measured point from original PDF vector objects,0.85,0.645767,-33.415,Center of plotted data marker extracted from original Iowa PDF Figure 1
Iowa PDF plotted measurement,graph-derived measured point from original PDF vector objects,0.8601,0.635283,-32.821,Center of plotted data marker extracted from original Iowa PDF Figure 1
Iowa PDF plotted measurement,graph-derived measured point from original PDF vector objects,0.87,0.73051,-38.22,Center of plotted data marker extracted from original Iowa PDF Figure 1
Iowa PDF plotted measurement,graph-derived measured point from original PDF vector objects,0.88,0.73051,-38.22,Center of plotted data marker extracted from original Iowa PDF Figure 1
Iowa PDF plotted measurement,graph-derived measured point from original PDF vector objects,0.8901,0.73051,-38.22,Center of plotted data marker extracted from original Iowa PDF Figure 1
Iowa PDF plotted measurement,graph-derived measured point from original PDF vector objects,0.9,0.825738,-43.619,Center of plotted data marker extracted from original Iowa PDF Figure 1
Iowa PDF plotted measurement,graph-derived measured point from original PDF vector objects,0.9101,0.793849,-41.811,Center of plotted data marker extracted from original Iowa PDF Figure 1
Iowa PDF plotted measurement,graph-derived measured point from original PDF vector objects,0.92,0.761962,-40.003,Center of plotted data marker extracted from original Iowa PDF Figure 1
Iowa PDF plotted measurement,graph-derived measured point from original PDF vector objects,0.95,0.920965,-49.019,Center of plotted data marker extracted from original Iowa PDF Figure 1
Iowa PDF plotted measurement,graph-derived measured point from original PDF vector objects,1.0,1.000029,-53.502,Center of plotted data marker extracted from original Iowa PDF Figure 1
Minnesota retained direct/published point,direct measurement,0.5,0.240741,-11.0,Retained project point using endpoints 2.0°F / -52.0°F
Iowa retained direct/published point,direct/published stock blend,0.57,0.320988,-15.0,Retained project point using endpoints 3.2°F / -53.5°F
Iowa retained direct/published point,direct/published stock blend,0.8,0.585538,-30.0,Retained project point using endpoints 3.2°F / -53.5°F
Iowa retained direct/published point,direct/published stock blend,0.9,0.761905,-40.0,Retained project point using endpoints 3.2°F / -53.5°F
Cenex Southern Region guideline,supplier guidance — Agtegra-hosted Cenex/CHS material,0.0,0.0,14.0,Approximate supplier-guideline point normalized to its own +14/-40°F endpoints
Cenex Southern Region guideline,supplier guidance — Agtegra-hosted Cenex/CHS material,0.1,0.055556,11.0,Approximate supplier-guideline point normalized to its own +14/-40°F endpoints
Cenex Southern Region guideline,supplier guidance — Agtegra-hosted Cenex/CHS material,0.2,0.111111,8.0,Approximate supplier-guideline point normalized to its own +14/-40°F endpoints
Cenex Southern Region guideline,supplier guidance — Agtegra-hosted Cenex/CHS material,0.3,0.203704,3.0,Approximate supplier-guideline point normalized to its own +14/-40°F endpoints
Cenex Southern Region guideline,supplier guidance — Agtegra-hosted Cenex/CHS material,0.4,0.222222,2.0,Approximate supplier-guideline point normalized to its own +14/-40°F endpoints
Cenex Southern Region guideline,supplier guidance — Agtegra-hosted Cenex/CHS material,0.5,0.296296,-2.0,Approximate supplier-guideline point normalized to its own +14/-40°F endpoints
Cenex Southern Region guideline,supplier guidance — Agtegra-hosted Cenex/CHS material,0.6,0.407407,-8.0,Approximate supplier-guideline point normalized to its own +14/-40°F endpoints
Cenex Southern Region guideline,supplier guidance — Agtegra-hosted Cenex/CHS material,0.7,0.518519,-14.0,Approximate supplier-guideline point normalized to its own +14/-40°F endpoints
Cenex Southern Region guideline,supplier guidance — Agtegra-hosted Cenex/CHS material,0.8,0.62963,-20.0,Approximate supplier-guideline point normalized to its own +14/-40°F endpoints
Cenex Southern Region guideline,supplier guidance — Agtegra-hosted Cenex/CHS material,0.9,0.925926,-36.0,Approximate supplier-guideline point normalized to its own +14/-40°F endpoints
Cenex Southern Region guideline,supplier guidance — Agtegra-hosted Cenex/CHS material,1.0,1.0,-40.0,Approximate supplier-guideline point normalized to its own +14/-40°F endpoints
